"Salary","Catalogs","AmountSpent","scaled_ Salary","scaled_ Catalogs","scaled_ AmountSpent","cluster"
47500,6,755,-0.28102337100019,-1.31090707988037,-0.480475581017558,3
63600,6,1318,0.244840048275145,-1.31090707988037,0.105330669091555,3
13500,18,296,-1.39154239307233,0.500989367777362,-0.958068953664241,2
85600,18,2436,0.963411180204175,0.500989367777362,1.26861910181267,1
68400,12,1304,0.401619204332388,-0.404958856051502,0.0907635509716127,3
30400,6,495,-0.839549114454118,-1.31090707988037,-0.751007774673631,3
48100,12,782,-0.261425976493035,-0.404958856051502,-0.452381853214812,3
68400,18,1155,0.401619204332388,0.500989367777362,-0.0642722061620602,2
51900,6,158,-0.137309144614384,-1.31090707988037,-1.10165911798939,3
80700,18,3034,0.803365791729073,0.500989367777362,1.89084314722164,1
43700,12,927,-0.405140202878841,-0.404958856051502,-0.301508129829694,3
111800,18,2065,1.81916407368329,0.500989367777362,0.882590471634197,1
44100,24,704,-0.392075273207404,1.40693759160623,-0.533541511311634,2
111400,12,2136,1.80609914401186,-0.404958856051502,0.956466570671048,1
110000,24,5564,1.76037189016183,1.40693759160623,4.52332949318266,1
83100,12,2766,0.881755369757695,-0.404958856051502,1.61198688606846,1
82800,24,3010,0.871956672504117,1.40693759160623,1.86587094473031,1
90100,18,1956,1.11039163900784,0.500989367777362,0.769175051986074,1
38600,18,542,-0.571718056189661,0.500989367777362,-0.70210387812811,2
14000,12,410,-1.37521123098303,-0.404958856051502,-0.839450991830425,3
14300,6,194,-1.36541253372945,-1.31090707988037,-1.06420081425239,3
49800,12,827,-0.205900025389428,-0.404958856051502,-0.405558973543568,3
60200,18,2328,0.133788146067932,0.500989367777362,1.15624419060169,1
43500,12,808,-0.411672667714559,-0.404958856051502,-0.425328633849204,3
41700,6,521,-0.470464851236025,-1.31090707988037,-0.723954555308024,3
92300,18,655,1.18224875220074,0.500989367777362,-0.584526424731432,2
62800,6,707,0.218710188932272,-1.31090707988037,-0.530419986000218,3
72900,18,2075,0.548599663136054,0.500989367777362,0.892995556005584,1
66900,12,769,0.3526257180645,-0.404958856051502,-0.465908462897615,3
21700,18,774,-1.12371133480787,0.500989367777362,-0.460705920711922,2
39700,12,573,-0.53578949959321,-0.404958856051502,-0.669848116576809,3
72200,12,2082,0.525736036211039,-0.404958856051502,0.900279115065556,1
87700,24,2446,1.03200206097922,1.40693759160623,1.27902418618406,1
104100,24,2636,1.56766417750813,1.40693759160623,1.47672078924042,1
67700,12,2226,0.378755577407374,-0.404958856051502,1.05011233001353,1
27000,6,183,-0.950601016661332,-1.31090707988037,-1.07564640706092,3
64100,24,1595,0.261171210364442,1.40693759160623,0.393551506178987,2
47000,12,584,-0.297354533089486,-0.404958856051502,-0.658402523768283,3
41600,18,982,-0.473731083653884,0.500989367777362,-0.244280165787063,2
20100,24,576,-1.17597105349362,1.40693759160623,-0.666726591265393,2
64000,12,410,0.257904977946582,-0.404958856051502,-0.839450991830425,3
96800,24,3082,1.32922921100441,1.40693759160623,1.9407875522043,1
76200,24,2437,0.656385332925408,1.40693759160623,1.26965961024981,1
81500,18,3655,0.829495651071947,0.500989367777362,2.5369988866848,1
49600,12,844,-0.212432490225146,-0.404958856051502,-0.38787033011221,3
111500,18,2510,1.80936537642972,0.500989367777362,1.34561672616094,1
77700,6,983,0.705378819193296,-1.31090707988037,-0.243239657349924,3
58900,18,1215,0.0913271246357618,0.500989367777362,-0.00184169993373556,2
126500,18,2000,2.2993002391086,0.500989367777362,0.814957423220179,1
83300,24,2574,0.888287834593413,1.40693759160623,1.41220926613782,1
90500,6,1116,1.12345656867928,-1.31090707988037,-0.104852035210471,3
87200,18,3604,1.01567089888992,0.500989367777362,2.48393295639072,1
105300,24,3360,1.60685896652244,1.40693759160623,2.23004889772887,1
56000,6,530,-0.00339361548215578,-1.31090707988037,-0.714589979373775,3
46600,24,906,-0.310419462760923,1.40693759160623,-0.323358807009608,2
69800,24,2764,0.447346458182418,1.40693759160623,1.60990586919418,1
60300,24,1263,0.137054378485791,1.40693759160623,0.0481027050489242,2
67800,12,1084,0.382021809825233,-0.404958856051502,-0.138148305198911,3
42300,24,1051,-0.45086745672887,1.40693759160623,-0.17248508362449,2
33700,6,614,-0.731763444664763,-1.31090707988037,-0.627187270654121,3
62700,12,704,0.215443956514412,-0.404958856051502,-0.533541511311634,3
25900,12,449,-0.986529573257783,-0.404958856051502,-0.798871162782014,3
15600,6,136,-1.32295151229728,-1.31090707988037,-1.12455030360644,3
14600,24,468,-1.35561383647588,1.40693759160623,-0.779101502476377,2
62600,6,565,0.212177724096553,-1.31090707988037,-0.678172184073919,3
66700,18,1310,0.346093253228781,0.500989367777362,0.0970066015944451,2
72500,24,2595,0.535534733464617,1.40693759160623,1.43405994331773,1
13200,24,358,-1.4013410903259,1.40693759160623,-0.893557430561639,2
51300,24,1424,-0.156906539121539,1.40693759160623,0.215624563428262,2
72300,24,4182,0.529002268628898,1.40693759160623,3.08534683305692,1
15600,12,468,-1.32295151229728,-0.404958856051502,-0.779101502476377,3
90400,18,2924,1.12019033626142,0.500989367777362,1.77638721913638,1
71500,6,964,0.502872409286024,-1.31090707988037,-0.26300931765556,3
14400,24,615,-1.36214630131159,1.40693759160623,-0.626146762216982,2
15000,6,38,-1.34254890680444,-1.31090707988037,-1.22652013044604,3
57600,6,1006,0.0488661032035918,-1.31090707988037,-0.219307963295733,3
60600,12,307,0.146853075739369,-0.404958856051502,-0.946623360855715,3
84300,18,1648,0.920950158772005,0.500989367777362,0.448698453347341,1
24400,6,220,-1.03552305952567,-1.31090707988037,-1.03714759488679,3
22100,18,280,-1.11064640513643,0.500989367777362,-0.974717088658461,2
48800,12,1647,-0.23856234956802,-0.404958856051502,0.447657944910202,3
74700,6,704,0.60739184665752,-1.31090707988037,-0.533541511311634,3
32400,24,920,-0.774224466096933,1.40693759160623,-0.308791688889665,2
11400,6,258,-1.46013327384737,-1.31090707988037,-0.997608274275514,3
127000,12,1821,2.3156314011979,-0.404958856051502,0.628706412972343,1
47200,18,1587,-0.290822068253768,0.500989367777362,0.385227438681877,2
48700,12,528,-0.241828581985879,-0.404958856051502,-0.716670996248053,3
20400,18,867,-1.16617235624004,0.500989367777362,-0.363938636058019,2
39000,6,643,-0.558653126518224,-1.31090707988037,-0.597012525977097,3
12900,6,107,-1.41113978757948,-1.31090707988037,-1.15472504828346,3
67300,18,1513,0.365690647735937,0.500989367777362,0.30822981433361,2
134500,24,4558,2.56059883253734,1.40693759160623,3.47657800542109,1
75500,6,741,0.633521706000393,-1.31090707988037,-0.4950426991375,3
33600,12,805,-0.735029677082623,-0.404958856051502,-0.428450159160621,3
16300,12,470,-1.30008788537227,-0.404958856051502,-0.7770204856021,3
27400,6,278,-0.937536086989895,-1.31090707988037,-0.976798105532739,3
110400,24,1093,1.77343681983326,1.40693759160623,-0.128783729264662,1
21100,6,470,-1.14330872931503,-1.31090707988037,-0.7770204856021,3
81200,24,1856,0.819696953818369,1.40693759160623,0.665124208272199,1
87100,18,1688,1.01240466647206,0.500989367777362,0.49031879083289,1
21700,24,708,-1.12371133480787,1.40693759160623,-0.529379477563079,2
42200,18,1753,-0.454133689146729,0.500989367777362,0.557951839246909,2
59000,24,3044,0.094593357053621,1.40693759160623,1.90124823159303,1
52700,18,855,-0.11117928527151,0.500989367777362,-0.376424737303683,2
20900,24,550,-1.14984119415074,1.40693759160623,-0.693779810631,2
90700,24,2265,1.129989033515,1.40693759160623,1.09069215906195,1
91800,24,2452,1.16591759011145,1.40693759160623,1.28526723680689,1
27900,18,1184,-0.921204924900599,0.500989367777362,-0.0340974614850366,2
70700,24,2150,0.476742549943151,1.40693759160623,0.97103368879099,1
79600,6,1575,0.767437235132622,-1.31090707988037,0.372741337436212,3
96400,24,1822,1.31616428133297,1.40693759160623,0.629746921409482,1
46600,18,1153,-0.310419462760923,0.500989367777362,-0.0663532230363377,2
106600,12,1877,1.64931998795461,-0.404958856051502,0.686974885452113,1
104900,6,450,1.59379403685101,-1.31090707988037,-0.797830654344875,3
56300,6,873,0.0064050817714219,-1.31090707988037,-0.357695585435186,3
14800,6,209,-1.34908137164016,-1.31090707988037,-1.04859318769531,3
58300,24,1472,0.0717297301286064,1.40693759160623,0.265568968410922,2
70200,12,1702,0.460411387853854,-0.404958856051502,0.504885908952833,1
59700,18,1857,0.117456983978636,0.500989367777362,0.666164716709338,2
25800,6,451,-0.989795805675642,-1.31090707988037,-0.796790145907736,3
12000,24,344,-1.44053587934022,1.40693759160623,-0.908124548681582,2
51900,18,1492,-0.137309144614384,0.500989367777362,0.286379137153697,2
66800,24,2098,0.349359485646641,1.40693759160623,0.916927250059775,1
105300,18,3505,1.60685896652244,0.500989367777362,2.38092262111399,1
13800,6,127,-1.38174369581875,-1.31090707988037,-1.13391487954069,3
14800,12,436,-1.34908137164016,-0.404958856051502,-0.812397772464817,3
44200,24,2524,-0.388809040789545,1.40693759160623,1.36018384428088,2
10400,18,189,-1.49279559802596,0.500989367777362,-1.06940335643809,2
35200,12,607,-0.682769958396875,-0.404958856051502,-0.634470829714092,3
16100,6,202,-1.30662035020799,-1.31090707988037,-1.05587674675528,3
113000,18,1554,1.8583588626976,0.500989367777362,0.350890660256299,1
63300,6,633,0.235041351021568,-1.31090707988037,-0.607417610348485,3
19100,6,176,-1.20863337767221,-1.31090707988037,-1.08292996612089,3
93400,24,3079,1.21817730879719,1.40693759160623,1.93766602689288,1
52500,24,2038,-0.117711750107229,1.40693759160623,0.854496743831451,2
45400,24,1203,-0.349614251775234,1.40693759160623,-0.0143278011794005,2
21400,6,326,-1.13351003206145,-1.31090707988037,-0.926853700550079,3
53700,12,235,-0.078516961092918,-0.404958856051502,-1.0215399683297,3
68000,24,3688,0.388554274660951,1.40693759160623,2.57133566511038,1
17400,12,332,-1.26415932877582,-0.404958856051502,-0.920610649927247,3
14600,6,143,-1.35561383647588,-1.31090707988037,-1.11726674454647,3
100100,12,3104,1.43701488079376,-0.404958856051502,1.96367873782135,1
103700,24,2339,1.5545992478367,1.40693759160623,1.16768978341021,1
10800,6,123,-1.47973066835453,-1.31090707988037,-1.13807691328924,3
81700,24,879,0.836028115907666,1.40693759160623,-0.351452534812354,2
21400,18,498,-1.13351003206145,0.500989367777362,-0.747886249362215,2
114800,18,3596,1.91715104621907,0.500989367777362,2.47560888889361,1
67900,24,2925,0.385288042243092,1.40693759160623,1.77742772757352,1
53700,12,1081,-0.078516961092918,-0.404958856051502,-0.141269830510327,3
11400,12,312,-1.46013327384737,-0.404958856051502,-0.941420818670021,3
34300,12,1297,-0.712166050157608,-0.404958856051502,0.0834799919116415,3
16400,12,218,-1.29682165295441,-0.404958856051502,-1.03922861176106,3
109800,18,4279,1.75383942532611,0.500989367777362,3.18627615145938,1
64200,18,1642,0.264437442782301,0.500989367777362,0.442455402724508,2
17000,18,581,-1.27722425844725,0.500989367777362,-0.661524049079699,2
41400,6,223,-0.480263548489603,-1.31090707988037,-1.03402606957537,3
49100,6,474,-0.228763652314442,-1.31090707988037,-0.772858451853545,3
42600,24,1790,-0.441068759475292,1.40693759160623,0.596450651421042,2
11900,6,143,-1.44380211175807,-1.31090707988037,-1.11726674454647,3
113600,18,3237,1.87795625720476,0.500989367777362,2.1020663599608,1
52900,24,2316,-0.104646820435792,1.40693759160623,1.14375808935602,2
14300,18,458,-1.36541253372945,0.500989367777362,-0.789506586847765,2
21000,24,646,-1.14657496173289,1.40693759160623,-0.593891000665681,2
59600,18,1217,0.114190751560776,0.500989367777362,0.00023931694054193,2
39700,12,238,-0.53578949959321,-0.404958856051502,-1.01841844301829,3
51200,12,1293,-0.160172771539399,-0.404958856051502,0.0793179581630865,3
88200,24,2749,1.04833322306852,1.40693759160623,1.5942982426371,1
122100,12,2408,2.15558601272279,-0.404958856051502,1.23948486557279,1
84800,18,2624,0.937281320861302,0.500989367777362,1.46423468799475,1
140000,12,4894,2.74024161551959,-0.404958856051502,3.8261888402997,1
28500,24,621,-0.901607530393443,1.40693759160623,-0.61990371159415,2
60300,6,701,0.137054378485791,-1.31090707988037,-0.53666303662305,3
51900,6,780,-0.137309144614384,-1.31090707988037,-0.454462870089089,3
60200,12,1365,0.133788146067932,-0.404958856051502,0.154234565637076,3
81200,12,2693,0.819696953818369,-0.404958856051502,1.53602977015733,1
73100,6,1582,0.555132127971772,-1.31090707988037,0.380024896496184,3
45700,18,724,-0.339815554521656,0.500989367777362,-0.512731342568859,2
28900,12,830,-0.888542600722006,-0.404958856051502,-0.402437448232152,3
60100,18,1594,0.130521913650073,0.500989367777362,0.392510997741848,2
84800,12,1826,0.937281320861302,-0.404958856051502,0.633908955158037,1
35000,6,473,-0.689302423232593,-1.31090707988037,-0.773898960290684,3
61700,12,1161,0.18278163233582,-0.404958856051502,-0.0580291555392277,3
46900,6,703,-0.300620765507345,-1.31090707988037,-0.534582019748773,3
123600,12,1892,2.20457949899068,-0.404958856051502,0.702582512009194,1
45800,6,489,-0.336549322103797,-1.31090707988037,-0.757250825296464,3
77800,18,1813,0.708645051611156,0.500989367777362,0.620382345475233,1
48700,12,1457,-0.241828581985879,-0.404958856051502,0.249961341853841,3
39000,6,292,-0.558653126518224,-1.31090707988037,-0.962230987412796,3
40000,6,613,-0.525990802339632,-1.31090707988037,-0.628227779091259,3
118300,18,2681,2.03146918084414,0.500989367777362,1.52354366891166,1
27100,24,437,-0.947334784243472,1.40693759160623,-0.811357264027678,2
91000,6,708,1.13978773076857,-1.31090707988037,-0.529379477563079,3
35300,24,1093,-0.679503725979016,1.40693759160623,-0.128783729264662,2
10200,18,213,-1.49932806286168,0.500989367777362,-1.04443115394676,2
12500,6,202,-1.42420471725092,-1.31090707988037,-1.05587674675528,3
64600,6,1298,0.277502372453738,-1.31090707988037,0.0845205003487802,3
113800,12,3273,1.88448872204048,-0.404958856051502,2.1395246636978,1
113400,18,1790,1.87142379236904,0.500989367777362,0.596450651421042,1
16900,6,247,-1.28049049086511,-1.31090707988037,-1.00905386708404,3
13600,6,183,-1.38827616065447,-1.31090707988037,-1.07564640706092,3
100100,24,3491,1.43701488079376,1.40693759160623,2.36635550299405,1
80000,6,1985,0.780502164804059,-1.31090707988037,0.799349796663097,3
83900,24,1721,0.907885229100569,1.40693759160623,0.524655569258469,1
77000,12,2104,0.682515192268282,-0.404958856051502,0.923170300682608,1
72900,6,252,0.548599663136054,-1.31090707988037,-1.00385132489835,3
80700,6,202,0.803365791729073,-1.31090707988037,-1.05587674675528,3
40900,18,962,-0.496594710578899,0.500989367777362,-0.265090334529838,2
26700,12,459,-0.960399713914909,-0.404958856051502,-0.788466078410626,3
54700,18,848,-0.0458546369143257,0.500989367777362,-0.383708296363655,2
23600,6,161,-1.06165291886855,-1.31090707988037,-1.09853759267797,3
56900,24,1857,0.0260024762785773,1.40693759160623,0.666164716709338,2
68700,24,1699,0.411417901585966,1.40693759160623,0.501764383641417,2
19300,24,308,-1.20210091283649,1.40693759160623,-0.945582852418577,2
20200,24,500,-1.17270482107576,1.40693759160623,-0.745805232487938,2
61500,24,1162,0.176249167500102,1.40693759160623,-0.056988647102089,2
101700,24,2551,1.48927459947951,1.40693759160623,1.38827757208363,1
120800,24,5830,2.11312499129062,1.40693759160623,4.80010473746157,1
17300,18,381,-1.26742556119368,0.500989367777362,-0.869625736507448,2
42300,6,856,-0.45086745672887,-1.31090707988037,-0.375384228866545,3
53300,18,1720,-0.0915818907643549,0.500989367777362,0.52361506082133,2
42800,12,759,-0.434536294639574,-0.404958856051502,-0.476313547269003,3
98400,18,3305,1.38148892969016,0.500989367777362,2.17282093368624,1
51200,18,1257,-0.160172771539399,0.500989367777362,0.0418596544260917,2
62200,12,1583,0.199112794425116,-0.404958856051502,0.381065404933322,3
109200,24,1102,1.73424203081895,1.40693759160623,-0.119419153330414,1
11400,6,186,-1.46013327384737,-1.31090707988037,-1.0725248817495,3
14000,12,229,-1.37521123098303,-0.404958856051502,-1.02778301895254,3
97000,24,2599,1.33576167584013,1.40693759160623,1.43822197706629,1
29600,12,774,-0.865678973796992,-0.404958856051502,-0.460705920711922,3
71200,12,638,0.493073712032447,-0.404958856051502,-0.602215068162791,3
15000,12,378,-1.34254890680444,-0.404958856051502,-0.872747261818864,3
64000,6,1552,0.257904977946582,-1.31090707988037,0.348809643382021,3
33000,12,979,-0.754627071589778,-0.404958856051502,-0.247401691098479,3
74400,18,2479,0.597593149403942,0.500989367777362,1.31336096460964,1
20300,24,450,-1.1694385886579,1.40693759160623,-0.797830654344875,2
68700,24,2763,0.411417901585966,1.40693759160623,1.60886536075704,1
53600,24,1560,-0.0817831935107772,1.40693759160623,0.357133710879131,2
33200,24,1037,-0.748094606754059,1.40693759160623,-0.187052201744432,2
70900,6,690,0.483275014778869,-1.31090707988037,-0.548108629431576,3
23200,24,770,-1.07471784853998,1.40693759160623,-0.464867954460477,2
41400,18,643,-0.480263548489603,0.500989367777362,-0.597012525977097,2
63200,24,1512,0.231775118603709,1.40693759160623,0.307189305896471,2
107400,12,1485,1.67544984729749,-0.404958856051502,0.279095578093725,1
13900,24,570,-1.37847746340089,1.40693759160623,-0.672969641888226,2
79900,18,1165,0.777235932386199,0.500989367777362,-0.0538671217906728,2
120000,18,1926,2.08699513194775,0.500989367777362,0.737959798871912,1
66300,18,2243,0.333028323557345,0.500989367777362,1.06780097344489,1
54400,18,342,-0.0556533341679034,0.500989367777362,-0.910205565555859,2
84200,24,1654,0.917683926354146,1.40693759160623,0.454941503970173,1
13800,18,363,-1.38174369581875,0.500989367777362,-0.888354888375946,2
14500,6,222,-1.35888006889374,-1.31090707988037,-1.03506657801251,3
21300,24,677,-1.13677626447931,1.40693759160623,-0.56163523911438,2
29000,6,482,-0.885276368304147,-1.31090707988037,-0.764534384356435,3
14600,24,385,-1.35561383647588,1.40693759160623,-0.865463702758893,2
65300,18,1443,0.300365999378752,0.500989367777362,0.235394223733898,2
100800,24,1789,1.45987850771878,1.40693759160623,0.595410142983904,1
19800,24,991,-1.1857697507472,1.40693759160623,-0.234915589852814,2
56700,18,536,0.0194700114428588,0.500989367777362,-0.708346928750943,2
90200,18,2183,1.1136578714257,0.500989367777362,1.00537046721657,1
26100,6,494,-0.979997108422065,-1.31090707988037,-0.75204828311077,3
15900,18,503,-1.31315281504371,0.500989367777362,-0.742683707176521,2
12700,12,87,-1.4176722524152,-0.404958856051502,-1.17553521702624,3
43200,24,917,-0.421471364968137,1.40693759160623,-0.311913214201081,2
114100,24,1976,1.89428741929406,1.40693759160623,0.789985220728849,1
96100,12,316,1.30636558407939,-0.404958856051502,-0.937258784921467,3
97200,12,1634,1.34229414067585,-0.404958856051502,0.434131335227398,1
82400,24,2035,0.85889174283268,1.40693759160623,0.851375218520035,1
62000,24,3293,0.192580329589398,1.40693759160623,2.16033483244057,1
13400,12,143,-1.39480862549019,-0.404958856051502,-1.11726674454647,3
108200,12,635,1.70157970664036,-0.404958856051502,-0.605336593474207,1
76200,12,979,0.656385332925408,-0.404958856051502,-0.247401691098479,3
81800,18,1838,0.839294348325525,0.500989367777362,0.646395056403702,1
12000,6,264,-1.44053587934022,-1.31090707988037,-0.991365223652681,3
76100,6,719,0.653119100507549,-1.31090707988037,-0.517933884754553,3
82100,18,1308,0.849093045579102,0.500989367777362,0.0949255847201676,1
103300,24,3378,1.54153431816526,1.40693759160623,2.24877804959737,1
14200,24,400,-1.36867876614731,1.40693759160623,-0.849856076201812,2
47500,6,847,-0.28102337100019,-1.31090707988037,-0.384748804800793,3
31300,6,357,-0.810153022693385,-1.31090707988037,-0.894597938998778,3
32700,18,1276,-0.764425768843356,0.500989367777362,0.0616293147317278,2
72200,24,2492,0.525736036211039,1.40693759160623,1.32688757429244,1
107600,12,1512,1.68198231213321,-0.404958856051502,0.307189305896471,1
109900,12,870,1.75710565774397,-0.404958856051502,-0.360817110746602,1
65400,24,938,0.303632231796612,1.40693759160623,-0.290062537021168,2
43300,12,1584,-0.418205132550278,-0.404958856051502,0.382105913370461,3
51900,12,1148,-0.137309144614384,-0.404958856051502,-0.0715557652220314,3
80600,24,2840,0.800099559311214,1.40693759160623,1.68898451041672,1
42700,12,827,-0.437802527057433,-0.404958856051502,-0.405558973543568,3
19000,12,428,-1.21189961009007,-0.404958856051502,-0.820721839961927,3
14500,6,183,-1.35888006889374,-1.31090707988037,-1.07564640706092,3
68200,6,818,0.39508673949667,-1.31090707988037,-0.414923549477817,3
36700,12,731,-0.633776472128987,-0.404958856051502,-0.505447783508888,3
54600,24,2163,-0.049120869332185,1.40693759160623,0.984560298473794,2
65900,12,1081,0.319963393885908,-0.404958856051502,-0.141269830510327,3
39600,12,1085,-0.539055732011069,-0.404958856051502,-0.137107796761772,3
67300,6,1212,0.365690647735937,-1.31090707988037,-0.00496322524515179,3
59700,18,1422,0.117456983978636,0.500989367777362,0.213543546553984,2
102800,18,2238,1.52520315607596,0.500989367777362,1.0625984312592,1
34700,18,1615,-0.699101120486171,0.500989367777362,0.414361674921762,2
50600,6,713,-0.179770166046554,-1.31090707988037,-0.524176935377385,3
106700,6,607,1.65258622037247,-1.31090707988037,-0.634470829714092,3
53900,6,735,-0.0719844962571995,-1.31090707988037,-0.501285749760333,3
25500,6,139,-0.99959450292922,-1.31090707988037,-1.12142877829502,3
46300,18,1357,-0.320218160014501,0.500989367777362,0.145910498139966,2
55500,18,858,-0.0197247775714519,0.500989367777362,-0.373303211992267,2
27800,12,408,-0.924471157318458,-0.404958856051502,-0.841532008704702,3
118600,12,1553,2.04126787809772,-0.404958856051502,0.34985015181916,1
130700,6,2070,2.43648200065869,-1.31090707988037,0.887793013819891,1
42800,12,922,-0.434536294639574,-0.404958856051502,-0.306710672015388,3
118300,12,2502,2.03146918084414,-0.404958856051502,1.33729265866383,1
25600,18,426,-0.996328270511361,0.500989367777362,-0.822802856836205,2
63500,24,2321,0.241573815857286,1.40693759160623,1.14896063154172,1
30900,18,862,-0.823217952364822,0.500989367777362,-0.369141178243712,2
55900,24,2555,-0.00665984790001501,1.40693759160623,1.39243960583218,1
53900,12,1186,-0.0719844962571995,-0.404958856051502,-0.0320164446107591,3
84300,24,2842,0.920950158772005,1.40693759160623,1.691065527291,1
53400,12,886,-0.0883156583464957,-0.404958856051502,-0.344168975752382,3
96900,12,1420,1.33249544342227,-0.404958856051502,0.211462529679707,1
55800,6,821,-0.00992608031787424,-1.31090707988037,-0.411802024166401,3
25900,6,242,-0.986529573257783,-1.31090707988037,-1.01425640926973,3
22000,12,472,-1.11391263755429,-0.404958856051502,-0.774939468727822,3
96700,12,1231,1.32596297858655,-0.404958856051502,0.0148064350604843,1
40200,12,881,-0.519458337503914,-0.404958856051502,-0.349371517938076,3
26800,12,435,-0.95713348149705,-0.404958856051502,-0.813438280901956,3
16700,12,108,-1.28702295570083,-0.404958856051502,-1.15368453984633,3
40900,18,576,-0.496594710578899,0.500989367777362,-0.666726591265393,2
41500,24,1314,-0.476997316071744,1.40693759160623,0.101168635343,2
20900,6,296,-1.14984119415074,-1.31090707988037,-0.958068953664241,3
69700,6,584,0.444080225764558,-1.31090707988037,-0.658402523768283,3
61800,24,1156,0.186047864753679,1.40693759160623,-0.0632316977249215,2
102500,24,2464,1.51540445882238,1.40693759160623,1.29775333805256,1
48900,18,915,-0.235296117150161,0.500989367777362,-0.313994231075359,2
60300,24,2091,0.137054378485791,1.40693759160623,0.909643690999804,2
41600,24,1690,-0.473731083653884,1.40693759160623,0.492399807707168,2
73700,12,1274,0.574729522478927,-0.404958856051502,0.0595482978574503,3
27000,24,1012,-0.950601016661332,1.40693759160623,-0.213064912672901,2
43700,12,950,-0.405140202878841,-0.404958856051502,-0.277576435775503,3
10200,12,333,-1.49932806286168,-0.404958856051502,-0.919570141490108,3
63300,24,679,0.235041351021568,1.40693759160623,-0.559554222240102,2
33200,12,607,-0.748094606754059,-0.404958856051502,-0.634470829714092,3
78800,18,3398,0.741307375789748,0.500989367777362,2.26958821834014,1
82500,6,859,0.862157975250539,-1.31090707988037,-0.372262703555128,3
80800,18,2444,0.806632024146932,0.500989367777362,1.27694316930978,1
88100,24,1078,1.04506699065066,1.40693759160623,-0.144391355821744,2
124800,18,2537,2.24377428800499,0.500989367777362,1.37371045396368,1
31900,6,616,-0.790555628186229,-1.31090707988037,-0.625106253779843,3
53300,6,508,-0.0915818907643549,-1.31090707988037,-0.737481164990828,3
15400,6,297,-1.329483977133,-1.31090707988037,-0.957028445227103,3
70200,6,1583,0.460411387853854,-1.31090707988037,0.381065404933322,3
23000,6,79,-1.0812503133757,-1.31090707988037,-1.18385928452335,3
82400,18,657,0.85889174283268,0.500989367777362,-0.582445407857155,2
97900,24,2149,1.36515776760086,1.40693759160623,0.969993180353852,1
88400,18,3632,1.05486568790423,0.500989367777362,2.51306719263061,1
86900,18,2230,1.00587220163635,0.500989367777362,1.05427436376209,1
45100,12,448,-0.359412949028812,-0.404958856051502,-0.799911671219152,3
41800,24,301,-0.467198618818166,1.40693759160623,-0.952866411478548,2
74800,18,1968,0.610658079075379,0.500989367777362,0.781661153231739,1
73000,6,490,0.551865895553913,-1.31090707988037,-0.756210316859325,3
118500,24,3063,2.03800164567986,1.40693759160623,1.92101789189866,1
65300,6,193,0.300365999378752,-1.31090707988037,-1.06524132268953,3
66300,12,544,0.333028323557345,-0.404958856051502,-0.700022861253833,3
103900,24,2666,1.56113171267241,1.40693759160623,1.50793604235458,1
71900,18,1846,0.515937338957461,0.500989367777362,0.654719123900812,1
86100,12,1255,0.979742342293472,-0.404958856051502,0.0397786375518142,1
96300,12,1081,1.31289804891511,-0.404958856051502,-0.141269830510327,1
10200,6,199,-1.49932806286168,-1.31090707988037,-1.0589982720667,3
96300,18,3916,1.31289804891511,0.500989367777362,2.80857158877801,1
24000,6,357,-1.04858798919711,-1.31090707988037,-0.894597938998778,3
46700,24,983,-0.307153230343064,1.40693759160623,-0.243239657349924,2
53700,12,1194,-0.078516961092918,-0.404958856051502,-0.0236923771136492,3
108300,12,2224,1.70484593905822,-0.404958856051502,1.04803131313926,1
12100,6,90,-1.43726964692236,-1.31090707988037,-1.17241369171482,3
36600,6,587,-0.637042704546846,-1.31090707988037,-0.655280998456867,3
66300,12,1088,0.333028323557345,-0.404958856051502,-0.133986271450356,3
33400,6,617,-0.741562141918341,-1.31090707988037,-0.624065745342705,3
70000,6,1227,0.453878923018136,-1.31090707988037,0.0106444013119294,3
47900,24,662,-0.267958441328753,1.40693759160623,-0.577242865671461,2
40500,18,622,-0.509659640250336,0.500989367777362,-0.618863203157011,2
69100,12,1477,0.424482831257403,-0.404958856051502,0.270771510596615,3
13300,6,236,-1.39807485790805,-1.31090707988037,-1.02049945989257,3
75800,12,1830,0.643320403253971,-0.404958856051502,0.638070988906592,1
48600,24,1583,-0.245094814403739,1.40693759160623,0.381065404933322,2
39600,12,610,-0.539055732011069,-0.404958856051502,-0.631349304402676,3
11700,12,193,-1.45033457659379,-0.404958856051502,-1.06524132268953,3
52600,12,1052,-0.11444551768937,-0.404958856051502,-0.171444575187351,3
14600,6,307,-1.35561383647588,-1.31090707988037,-0.946623360855715,3
123000,24,3671,2.18498210448353,1.40693759160623,2.55364702167902,1
64600,18,2206,0.277502372453738,0.500989367777362,1.02930216127076,1
34600,18,748,-0.70236735290403,0.500989367777362,-0.487759140077529,2
74500,6,1481,0.600859381821801,-1.31090707988037,0.27493354434517,3
56600,24,1607,0.0162037790249996,1.40693759160623,0.406037607424652,2
37000,6,632,-0.623977774875409,-1.31090707988037,-0.608458118785623,3
18400,6,303,-1.23149700459723,-1.31090707988037,-0.95078539460427,3
25000,6,264,-1.01592566501852,-1.31090707988037,-0.991365223652681,3
61400,24,1575,0.172982935082242,1.40693759160623,0.372741337436212,2
76400,18,881,0.662917797761126,0.500989367777362,-0.349371517938076,2
55100,18,1439,-0.0327897072428888,0.500989367777362,0.231232189985343,2
22800,12,452,-1.08778277821142,-0.404958856051502,-0.795749637470597,3
10100,6,93,-1.50259429527954,-1.31090707988037,-1.16929216640341,3
17800,18,292,-1.25109439910438,0.500989367777362,-0.962230987412796,2
59100,6,1426,0.0978595894714803,-1.31090707988037,0.217705580302539,3
19700,6,330,-1.18903598316506,-1.31090707988037,-0.922691666801524,3
73800,24,3120,0.577995754896787,1.40693759160623,1.98032687281557,1
113300,18,5151,1.86815755995118,0.500989367777362,4.09359950864436,1
118400,12,3941,2.034735413262,-0.404958856051502,2.83458429970648,1
92300,24,2141,1.18224875220074,1.40693759160623,0.961669112856742,1
11200,6,106,-1.46666573868309,-1.31090707988037,-1.1557655567206,3
30100,12,530,-0.849347811707696,-0.404958856051502,-0.714589979373775,3
43500,12,500,-0.411672667714559,-0.404958856051502,-0.745805232487938,3
97500,18,2837,1.35209283792942,0.500989367777362,1.68586298510531,1
54600,24,1246,-0.049120869332185,1.40693759160623,0.0304140616175655,2
42500,6,798,-0.444334991893151,-1.31090707988037,-0.435733718220592,3
82800,6,1544,0.871956672504117,-1.31090707988037,0.340485575884911,3
62300,24,2644,0.202379026842976,1.40693759160623,1.48504485673753,1
21900,6,192,-1.11717886997215,-1.31090707988037,-1.06628183112667,3
35600,18,865,-0.669705028725438,0.500989367777362,-0.366019652932296,2
96900,6,1159,1.33249544342227,-1.31090707988037,-0.0601101724135052,3
36900,18,1480,-0.627244007293268,0.500989367777362,0.273893035908032,2
93500,18,1426,1.22144354121505,0.500989367777362,0.217705580302539,1
97300,12,3048,1.3455603730937,-0.404958856051502,1.90541026534158,1
21900,12,276,-1.11717886997215,-0.404958856051502,-0.978879122407016,3
63000,24,1910,0.22524265376799,1.40693759160623,0.721311663877692,2
11500,6,157,-1.45686704142951,-1.31090707988037,-1.10269962642653,3
44600,6,236,-0.375744111118108,-1.31090707988037,-1.02049945989257,3
21900,12,576,-1.11717886997215,-0.404958856051502,-0.666726591265393,3
45100,12,794,-0.359412949028812,-0.404958856051502,-0.439895751969147,3
74900,12,1474,0.613924311493238,-0.404958856051502,0.267649985285199,3
14200,6,250,-1.36867876614731,-1.31090707988037,-1.00593234177262,3
23200,24,788,-1.07471784853998,1.40693759160623,-0.446138802591979,2
73300,12,1694,0.56166459280749,-0.404958856051502,0.496561841455723,1
41300,24,1985,-0.483529780907462,1.40693759160623,0.799349796663097,2
32700,24,1252,-0.764425768843356,1.40693759160623,0.036657112240398,2
35200,12,827,-0.682769958396875,-0.404958856051502,-0.405558973543568,3
13100,18,314,-1.40460732274376,0.500989367777362,-0.939339801795744,2
97400,6,880,1.34882660551156,-1.31090707988037,-0.350412026375215,3
23100,6,466,-1.07798408095784,-1.31090707988037,-0.781182519350655,3
49200,12,210,-0.225497419896583,-0.404958856051502,-1.04755267925817,3
45000,18,902,-0.362679181446671,0.500989367777362,-0.327520840758162,2
87200,18,1274,1.01567089888992,0.500989367777362,0.0595482978574503,1
49900,24,1631,-0.202633792971569,1.40693759160623,0.431009809915982,2
66900,12,1220,0.3526257180645,-0.404958856051502,0.00336084225195816,3
47600,12,801,-0.277757138582331,-0.404958856051502,-0.432612192909176,3
47900,12,1090,-0.267958441328753,-0.404958856051502,-0.131905254576079,3
59400,18,1699,0.107658286725058,0.500989367777362,0.501764383641417,2
32700,6,273,-0.764425768843356,-1.31090707988037,-0.982000647718433,3
34200,18,523,-0.715432282575467,0.500989367777362,-0.721873538433746,2
96600,12,1437,1.32269674616869,-0.404958856051502,0.229151173111066,1
126300,6,1888,2.29276777427288,-1.31090707988037,0.698420478260639,1
31600,12,476,-0.800354325439807,-0.404958856051502,-0.770777434979267,3
108100,18,2632,1.6983134742225,0.500989367777362,1.47255875549186,1
43300,24,326,-0.418205132550278,1.40693759160623,-0.926853700550079,2
17900,6,446,-1.24782816668652,-1.31090707988037,-0.80199268809343,3
50100,18,1071,-0.19610132813585,0.500989367777362,-0.151674914881715,2
74700,12,1699,0.60739184665752,-0.404958856051502,0.501764383641417,1
60000,6,966,0.127255681232213,-1.31090707988037,-0.260928300781283,3
33400,12,567,-0.741562141918341,-0.404958856051502,-0.676091167199642,3
68800,6,1658,0.414684134003825,-1.31090707988037,0.459103537718728,3
25700,6,173,-0.993062038093502,-1.31090707988037,-1.08605149143231,3
83700,24,3344,0.90135276426485,1.40693759160623,2.21340076273465,1
50500,12,1029,-0.183036398464413,-0.404958856051502,-0.195376269241542,3
17300,12,345,-1.26742556119368,-0.404958856051502,-0.907084040244443,3
45800,6,712,-0.336549322103797,-1.31090707988037,-0.525217443814524,3
108900,12,1841,1.72444333356538,-0.404958856051502,0.649516581715118,1
60500,6,409,0.143586843321509,-1.31090707988037,-0.840491500267563,3
84100,18,2710,0.914417693936287,0.500989367777362,1.55371841358869,1
25100,12,592,-1.01265943260066,-0.404958856051502,-0.650078456271173,3
69900,18,2101,0.450612690600277,0.500989367777362,0.920048775371192,1
97100,12,1473,1.33902790825799,-0.404958856051502,0.26660947684806,1
72200,18,715,0.525736036211039,0.500989367777362,-0.522095918503108,2
78900,18,2233,0.744573608207607,0.500989367777362,1.05739588907351,1
62500,6,921,0.208911491678694,-1.31090707988037,-0.307751180452526,3
17800,6,216,-1.25109439910438,-1.31090707988037,-1.04130962863534,3
105500,6,1781,1.61339143135816,-1.31090707988037,0.587086075486794,1
46100,12,418,-0.326750624850219,-0.404958856051502,-0.831126924333315,3
27100,12,268,-0.947334784243472,-0.404958856051502,-0.987203189904126,3
60300,6,1252,0.137054378485791,-1.31090707988037,0.036657112240398,3
12000,6,140,-1.44053587934022,-1.31090707988037,-1.12038826985789,3
48400,12,992,-0.251627279239457,-0.404958856051502,-0.233875081415676,3
45600,18,1388,-0.343081786939515,0.500989367777362,0.178166259691267,2
35200,6,233,-0.682769958396875,-1.31090707988037,-1.02362098520398,3
60200,24,2304,0.133788146067932,1.40693759160623,1.13127198811036,1
53900,18,2177,-0.0719844962571995,0.500989367777362,0.999127416593736,1
70400,12,1127,0.466943852689573,-0.404958856051502,-0.093406442401945,3
36900,18,721,-0.627244007293268,0.500989367777362,-0.515852867880275,2
36100,12,438,-0.653373866636142,-0.404958856051502,-0.81031675559054,3
11000,18,393,-1.47319820351881,0.500989367777362,-0.857139635261783,2
61600,18,1666,0.179515399917961,0.500989367777362,0.467427605215838,2
88700,18,2448,1.06466438515781,0.500989367777362,1.28110520305834,1
88600,18,2563,1.06139815273995,0.500989367777362,1.40076367332929,1
79500,18,1763,0.764171002714763,0.500989367777362,0.568356923618296,1
18900,6,184,-1.21516584250793,-1.31090707988037,-1.07460589862378,3
17300,6,166,-1.26742556119368,-1.31090707988037,-1.09333505049228,3
81400,6,1014,0.826229418654088,-1.31090707988037,-0.210983895798623,3
36500,24,1140,-0.640308936964705,1.40693759160623,-0.0798798327191414,2
43300,18,1021,-0.418205132550278,0.500989367777362,-0.203700336738652,2
76700,24,1431,0.672716495014704,1.40693759160623,0.222908122488233,2
123000,24,5878,2.18498210448353,1.40693759160623,4.85004914244423,1
56300,6,321,0.0064050817714219,-1.31090707988037,-0.932056242735773,3
70000,24,1974,0.453878923018136,1.40693759160623,0.787904203854571,1
48100,18,1640,-0.261425976493035,0.500989367777362,0.440374385850231,2
79400,6,1175,0.760904770296903,-1.31090707988037,-0.0434620374192853,3
63700,12,364,0.248106280693005,-0.404958856051502,-0.887314379938807,3
21200,12,417,-1.14004249689717,-0.404958856051502,-0.832167432770453,3
53900,12,1060,-0.0719844962571995,-0.404958856051502,-0.163120507690241,3
118800,18,2176,2.04780034293344,0.500989367777362,0.998086908156598,1
79400,6,200,0.760904770296903,-1.31090707988037,-1.05795776362956,3
20400,24,513,-1.16617235624004,1.40693759160623,-0.732278622805134,2
52400,18,857,-0.120977982525088,0.500989367777362,-0.374343720429406,2
17600,6,224,-1.2576268639401,-1.31090707988037,-1.03298556113823,3
23500,12,371,-1.0649191512864,-0.404958856051502,-0.880030820878836,3
56900,12,687,0.0260024762785773,-0.404958856051502,-0.551230154742992,3
95100,12,809,1.2737032599008,-0.404958856051502,-0.424288125412066,3
119800,24,2090,2.08046266711203,1.40693759160623,0.908603182562666,1
58700,24,1479,0.0847946598000433,1.40693759160623,0.272852527470893,2
76700,6,534,0.672716495014704,-1.31090707988037,-0.71042794562522,3
67600,18,1172,0.375489344989515,0.500989367777362,-0.0465835627307016,2
61500,24,968,0.176249167500102,1.40693759160623,-0.258847283907005,2
72900,6,753,0.548599663136054,-1.31090707988037,-0.482556597891835,3
21200,6,242,-1.14004249689717,-1.31090707988037,-1.01425640926973,3
32400,12,515,-0.774224466096933,-0.404958856051502,-0.730197605930856,3
62200,24,2119,0.199112794425116,1.40693759160623,0.938777927239689,1
24400,6,491,-1.03552305952567,-1.31090707988037,-0.755169808422186,3
66500,12,286,0.339560788393063,-0.404958856051502,-0.968474038035629,3
72200,24,3069,0.525736036211039,1.40693759160623,1.9272609425215,1
16900,6,281,-1.28049049086511,-1.31090707988037,-0.973676580221323,3
56300,24,1608,0.0064050817714219,1.40693759160623,0.407078115861791,2
22000,12,736,-1.11391263755429,-0.404958856051502,-0.500245241323194,3
18800,18,170,-1.21843207492579,0.500989367777362,-1.08917301674372,2
26600,24,245,-0.963665946332768,1.40693759160623,-1.01113488395832,2
72100,24,3052,0.52246980379318,1.40693759160623,1.90957229909014,1
55600,18,1786,-0.0164585451535927,0.500989367777362,0.592288617672487,2
14600,6,47,-1.35561383647588,-1.31090707988037,-1.21715555451179,3
45900,24,1645,-0.333283089685938,1.40693759160623,0.445576928035924,2
15100,6,274,-1.33928267438658,-1.31090707988037,-0.980960139281294,3
140700,12,1001,2.76310524244461,-0.404958856051502,-0.224510505481427,1
90300,24,1944,1.11692410384356,1.40693759160623,0.756688950740409,1
95900,24,2585,1.29983311924368,1.40693759160623,1.42365485894634,1
20800,6,260,-1.1531074265686,-1.31090707988037,-0.995527257401236,3
98400,12,1414,1.38148892969016,-0.404958856051502,0.205219479056875,1
15000,12,341,-1.34254890680444,-0.404958856051502,-0.911246073992998,3
17700,12,268,-1.25436063152224,-0.404958856051502,-0.987203189904126,3
102400,18,1237,1.51213822640453,0.500989367777362,0.0210494856833168,1
17800,18,589,-1.25109439910438,0.500989367777362,-0.653199981582589,2
13800,12,368,-1.38174369581875,-0.404958856051502,-0.883152346190252,3
50500,12,940,-0.183036398464413,-0.404958856051502,-0.28798152014689,3
42000,18,232,-0.460666153982448,0.500989367777362,-1.02466149364112,2
95800,12,678,1.29656688682582,-0.404958856051502,-0.560594730677241,3
15200,12,324,-1.33601644196872,-0.404958856051502,-0.928934717424357,3
15800,12,147,-1.31641904746156,-0.404958856051502,-1.11310471079791,3
51400,6,694,-0.15364030670368,-1.31090707988037,-0.543946595683021,3
38200,6,526,-0.584782985861098,-1.31090707988037,-0.71875201312233,3
39900,12,586,-0.529257034757491,-0.404958856051502,-0.656321506894006,3
21600,12,491,-1.12697756722573,-0.404958856051502,-0.755169808422186,3
65900,24,1436,0.319963393885908,1.40693759160623,0.228110664673927,2
97500,12,1280,1.35209283792942,-0.404958856051502,0.0657913484802828,1
63000,18,2107,0.22524265376799,0.500989367777362,0.926291825994024,1
31900,12,860,-0.790555628186229,-0.404958856051502,-0.37122219511799,3
45500,18,1624,-0.346348019357375,0.500989367777362,0.423726250856011,2
12800,12,230,-1.41440601999734,-0.404958856051502,-1.0267425105154,3
12600,12,164,-1.42093848483306,-0.404958856051502,-1.09541606736656,3
50700,6,157,-0.176503933628695,-1.31090707988037,-1.10269962642653,3
17900,6,62,-1.24782816668652,-1.31090707988037,-1.20154792795471,3
14400,18,223,-1.36214630131159,0.500989367777362,-1.03402606957537,2
23800,6,438,-1.05512045403283,-1.31090707988037,-0.81031675559054,3
84700,24,2705,0.934015088443442,1.40693759160623,1.54851587140299,1
36900,6,371,-0.627244007293268,-1.31090707988037,-0.880030820878836,3
20600,6,201,-1.15963989140432,-1.31090707988037,-1.05691725519242,3
41500,24,1213,-0.476997316071744,1.40693759160623,-0.00392271680801305,2
83100,6,586,0.881755369757695,-1.31090707988037,-0.656321506894006,3
88700,24,2693,1.06466438515781,1.40693759160623,1.53602977015733,1
54700,24,1404,-0.0458546369143257,1.40693759160623,0.194814394685487,2
68900,18,2784,0.417950366421684,0.500989367777362,1.63071603793695,1
22200,18,275,-1.10738017271857,0.500989367777362,-0.979919630844155,2
70900,12,794,0.483275014778869,-0.404958856051502,-0.439895751969147,3
55900,12,964,-0.00665984790001501,-0.404958856051502,-0.26300931765556,3
80800,18,1598,0.806632024146932,0.500989367777362,0.396673031490403,1
100600,24,2838,1.45334604288306,1.40693759160623,1.68690349354245,1
39900,6,619,-0.529257034757491,-1.31090707988037,-0.621984728468427,3
71200,12,392,0.493073712032447,-0.404958856051502,-0.858180143698922,3
61000,18,1850,0.159918005410806,0.500989367777362,0.658881157649367,2
38700,24,1506,-0.568451823771802,1.40693759160623,0.300946255273639,2
98900,18,3126,1.39782009177945,0.500989367777362,1.9865699234384,1
64300,6,1325,0.26770367520016,-1.31090707988037,0.112614228151526,3
75600,12,1541,0.636787938418253,-0.404958856051502,0.337364050573495,1
53700,24,2491,-0.078516961092918,1.40693759160623,1.3258470658553,1
66600,18,1177,0.342827020810922,0.500989367777362,-0.0413810205450078,2
89000,12,1487,1.07446308241139,-0.404958856051502,0.281176594968003,1
18200,12,322,-1.23802946943294,-0.404958856051502,-0.931015734298634,3
73600,6,647,0.571463290061068,-1.31090707988037,-0.592850492228542,3
45600,12,1322,-0.343081786939515,-0.404958856051502,0.10949270284011,3
73000,6,1534,0.551865895553913,-1.31090707988037,0.330080491513524,3
29600,12,583,-0.865678973796992,-0.404958856051502,-0.659443032205422,3
92900,6,1705,1.2018461467079,-1.31090707988037,0.508007434264249,3
13900,6,191,-1.37847746340089,-1.31090707988037,-1.06732233956381,3
64300,6,239,0.26770367520016,-1.31090707988037,-1.01737793458115,3
77100,6,568,0.685781424686141,-1.31090707988037,-0.675050658762503,3
27500,12,571,-0.934269854572035,-0.404958856051502,-0.671929133451087,3
81800,6,919,0.839294348325525,-1.31090707988037,-0.309832197326804,3
41700,18,1398,-0.470464851236025,0.500989367777362,0.188571344062655,2
51000,12,1025,-0.166705236375117,-0.404958856051502,-0.199538302990097,3
55900,12,909,-0.00665984790001501,-0.404958856051502,-0.320237281698191,3
19800,12,209,-1.1857697507472,-0.404958856051502,-1.04859318769531,3
17600,6,245,-1.2576268639401,-1.31090707988037,-1.01113488395832,3
84100,24,2362,0.914417693936287,1.40693759160623,1.1916214774644,1
85600,24,3380,0.963411180204175,1.40693759160623,2.25085906647165,1
13400,18,424,-1.39480862549019,0.500989367777362,-0.824883873710482,2
47200,12,1272,-0.290822068253768,-0.404958856051502,0.0574672809831729,3
96300,24,1909,1.31289804891511,1.40693759160623,0.720271155440553,1
60500,12,340,0.143586843321509,-0.404958856051502,-0.912286582430137,3
35800,24,1355,-0.66317256388972,1.40693759160623,0.143829481265689,2
106100,12,472,1.63298882586532,-0.404958856051502,-0.774939468727822,3
18000,12,303,-1.24456193426866,-0.404958856051502,-0.95078539460427,3
50000,6,1079,-0.199367560553709,-1.31090707988037,-0.143350847384605,3
58200,18,981,0.0684634977107472,0.500989367777362,-0.245320674224202,2
13500,12,160,-1.39154239307233,-0.404958856051502,-1.09957810111511,3
59900,6,613,0.123989448814354,-1.31090707988037,-0.628227779091259,3
18400,12,662,-1.23149700459723,-0.404958856051502,-0.577242865671461,3
62800,6,177,0.218710188932272,-1.31090707988037,-1.08188945768375,3
70000,6,785,0.453878923018136,-1.31090707988037,-0.449260327903396,3
13600,18,349,-1.38827616065447,0.500989367777362,-0.902922006495888,2
97400,6,213,1.34882660551156,-1.31090707988037,-1.04443115394676,3
37500,18,1578,-0.607646612786113,0.500989367777362,0.375862862747629,2
22800,6,258,-1.08778277821142,-1.31090707988037,-0.997608274275514,3
14200,6,192,-1.36867876614731,-1.31090707988037,-1.06628183112667,3
18700,12,289,-1.22169830734365,-0.404958856051502,-0.965352512724213,3
107400,24,1821,1.67544984729749,1.40693759160623,0.628706412972343,1
28900,24,905,-0.888542600722006,1.40693759160623,-0.324399315446746,2
38400,6,188,-0.57825052102538,-1.31090707988037,-1.07044386487523,3
54200,18,1405,-0.0621857990036219,0.500989367777362,0.195854903122626,2
102700,18,2381,1.5219369236581,0.500989367777362,1.21139113777004,1
13300,6,184,-1.39807485790805,-1.31090707988037,-1.07460589862378,3
60200,12,1364,0.133788146067932,-0.404958856051502,0.153194057199937,3
21400,12,414,-1.13351003206145,-0.404958856051502,-0.83528895808187,3
21700,6,387,-1.12371133480787,-1.31090707988037,-0.863382685884616,3
23200,24,504,-1.07471784853998,1.40693759160623,-0.741643198739383,2
64800,12,574,0.284034837289456,-0.404958856051502,-0.668807608139671,3
55600,6,984,-0.0164585451535927,-1.31090707988037,-0.242199148912785,3
89500,24,5209,1.09079424450069,1.40693759160623,4.15394899799841,1
12500,12,422,-1.42420471725092,-0.404958856051502,-0.82696489058476,3
87000,24,1594,1.0091384340542,1.40693759160623,0.392510997741848,1
31200,24,1087,-0.813419255111244,1.40693759160623,-0.135026779887495,2
13700,6,163,-1.38500992823661,-1.31090707988037,-1.09645657580369,3
55500,18,427,-0.0197247775714519,0.500989367777362,-0.821762348399066,2
58600,6,624,0.0815284273821841,-1.31090707988037,-0.616782186282733,3
55900,6,788,-0.00665984790001501,-1.31090707988037,-0.446138802591979,3
13700,24,414,-1.38500992823661,1.40693759160623,-0.83528895808187,2
81400,24,3001,0.826229418654088,1.40693759160623,1.85650636879606,1
90500,6,863,1.12345656867928,-1.31090707988037,-0.368100669806574,3
82200,12,1517,0.852359277996962,-0.404958856051502,0.312391848082165,1
65400,6,836,0.303632231796612,-1.31090707988037,-0.39619439760932,3
74400,12,1152,0.597593149403942,-0.404958856051502,-0.0673937314734764,3
63300,6,1408,0.235041351021568,-1.31090707988037,0.198976428434042,3
51600,12,1082,-0.147107841867962,-0.404958856051502,-0.140229322073189,3
55000,12,1162,-0.0360559396607481,-0.404958856051502,-0.056988647102089,3
43900,6,358,-0.398607738043122,-1.31090707988037,-0.893557430561639,3
20300,12,304,-1.1694385886579,-0.404958856051502,-0.949744886167131,3
16300,12,360,-1.30008788537227,-0.404958856051502,-0.891476413687362,3
97600,12,1162,1.35535907034728,-0.404958856051502,-0.056988647102089,1
15100,6,348,-1.33928267438658,-1.31090707988037,-0.903962514933027,3
12500,12,206,-1.42420471725092,-0.404958856051502,-1.05171471300673,3
10600,12,114,-1.48626313319024,-0.404958856051502,-1.14744148922349,3
41300,18,932,-0.483529780907462,0.500989367777362,-0.296305587644,2
27200,18,446,-0.944068551825613,0.500989367777362,-0.80199268809343,2
102400,12,2466,1.51213822640453,-0.404958856051502,1.29983435492683,1
27900,12,576,-0.921204924900599,-0.404958856051502,-0.666726591265393,3
23800,12,428,-1.05512045403283,-0.404958856051502,-0.820721839961927,3
100000,24,2247,1.4337486483759,1.40693759160623,1.07196300719345,1
43300,24,716,-0.418205132550278,1.40693759160623,-0.521055410065969,2
65800,12,1017,0.316697161468048,-0.404958856051502,-0.207862370487207,3
49700,18,613,-0.209166257807287,0.500989367777362,-0.628227779091259,2
82300,12,580,0.855625510414821,-0.404958856051502,-0.662564557516838,3
41200,12,841,-0.486796013325321,-0.404958856051502,-0.390991855423626,3
29200,18,737,-0.878743903468429,0.500989367777362,-0.499204732886055,2
51900,12,1162,-0.137309144614384,-0.404958856051502,-0.056988647102089,3
85500,18,895,0.960144947786316,0.500989367777362,-0.334804399818134,2
12400,18,205,-1.42747094966878,0.500989367777362,-1.05275522144387,2
111900,12,2340,1.82243030610115,-0.404958856051502,1.16873029184735,1
40400,24,630,-0.512925872668195,1.40693759160623,-0.610539135659901,2
10900,24,407,-1.47646443593667,1.40693759160623,-0.842572517141841,2
82400,18,2122,0.85889174283268,0.500989367777362,0.941899452551105,1
13200,12,227,-1.4013410903259,-0.404958856051502,-1.02986403582681,3
57800,24,1149,0.0553985680393103,1.40693759160623,-0.0705152567848927,2
52200,12,669,-0.127510447360806,-0.404958856051502,-0.56995930661149,3
64600,24,2935,0.277502372453738,1.40693759160623,1.7878328119449,1
43100,24,1444,-0.424737597385996,1.40693759160623,0.236434732171037,2
40100,12,1384,-0.522724569921773,-0.404958856051502,0.174004225942712,3
84500,12,1557,0.927482623607724,-0.404958856051502,0.354012185567715,1
34500,12,802,-0.70563358532189,-0.404958856051502,-0.431571684472037,3
61000,18,1611,0.159918005410806,0.500989367777362,0.410199641173207,2
79300,12,2047,0.757638537879044,-0.404958856051502,0.8638613197657,1
44500,24,1175,-0.379010343535967,1.40693759160623,-0.0434620374192853,2
39700,18,1011,-0.53578949959321,0.500989367777362,-0.214105421110039,2
30300,18,1062,-0.842815346871977,0.500989367777362,-0.161039490815963,2
20100,12,271,-1.17597105349362,-0.404958856051502,-0.98408166459271,3
86500,24,2690,0.992807271964908,1.40693759160623,1.53290824484591,1
42500,24,918,-0.444334991893151,1.40693759160623,-0.310872705763943,2
102300,24,2438,1.50887199398667,1.40693759160623,1.27070011868695,1
52600,12,1307,-0.11444551768937,-0.404958856051502,0.0938850762830289,3
37800,12,1185,-0.597847915532535,-0.404958856051502,-0.0330569530478979,3
20300,12,180,-1.1694385886579,-0.404958856051502,-1.07876793237234,3
71600,12,1198,0.506138641703884,-0.404958856051502,-0.0195303433650942,3
54500,18,1001,-0.0523871017500442,0.500989367777362,-0.224510505481427,2
54700,24,1355,-0.0458546369143257,1.40693759160623,0.143829481265689,2
58600,6,989,0.0815284273821841,-1.31090707988037,-0.236996606727092,3
53800,12,1803,-0.0752507286750588,-0.404958856051502,0.609977261103846,3
131500,6,2840,2.46261186000156,-1.31090707988037,1.68898451041672,1
52200,24,1909,-0.127510447360806,1.40693759160623,0.720271155440553,2
37200,6,247,-0.61744531003969,-1.31090707988037,-1.00905386708404,3
22900,12,814,-1.08451654579356,-0.404958856051502,-0.419085583226372,3
55500,12,216,-0.0197247775714519,-0.404958856051502,-1.04130962863534,3
12800,24,365,-1.41440601999734,1.40693759160623,-0.886273871501668,2
17600,18,163,-1.2576268639401,0.500989367777362,-1.09645657580369,2
28300,24,933,-0.908139995229162,1.40693759160623,-0.295265079206861,2
41900,6,654,-0.463932386400307,-1.31090707988037,-0.585566933168571,3
14100,6,153,-1.37194499856517,-1.31090707988037,-1.10686166017508,3
52100,12,1668,-0.130776679778666,-0.404958856051502,0.469508622090116,3
38700,18,1009,-0.568451823771802,0.500989367777362,-0.216186437984317,2
44100,18,1659,-0.392075273207404,0.500989367777362,0.460144046155867,2
79200,6,1905,0.754372305461185,-1.31090707988037,0.716109121691998,3
22600,6,521,-1.09431524304714,-1.31090707988037,-0.723954555308024,3
55100,6,826,-0.0327897072428888,-1.31090707988037,-0.406599481980707,3
70400,18,2610,0.466943852689573,0.500989367777362,1.44966756987481,1
107300,24,1194,1.67218361487963,1.40693759160623,-0.0236923771136492,1
66500,24,1181,0.339560788393063,1.40693759160623,-0.0372189867964529,2
10200,24,362,-1.49932806286168,1.40693759160623,-0.889395396813084,2
41000,12,768,-0.49332847816104,-0.404958856051502,-0.466948971334754,3
26200,12,381,-0.976730876004205,-0.404958856051502,-0.869625736507448,3
72200,18,1811,0.525736036211039,0.500989367777362,0.618301328600956,1
36700,24,1218,-0.633776472128987,1.40693759160623,0.00127982537768067,2
74500,18,1413,0.600859381821801,0.500989367777362,0.204178970619736,1
60200,12,1748,0.133788146067932,-0.404958856051502,0.552749297061215,3
34500,24,639,-0.70563358532189,1.40693759160623,-0.601174559725652,2
83700,18,1582,0.90135276426485,0.500989367777362,0.380024896496184,1
14800,12,376,-1.34908137164016,-0.404958856051502,-0.874828278693142,3
106400,12,1757,1.64278752311889,-0.404958856051502,0.562113872995464,1
42000,6,105,-0.460666153982448,-1.31090707988037,-1.15680606515774,3
118800,12,2631,2.04780034293344,-0.404958856051502,1.47151824705473,1
21900,24,486,-1.11717886997215,1.40693759160623,-0.76037235060788,2
39500,6,412,-0.542321964428928,-1.31090707988037,-0.837369974956147,3
45900,12,716,-0.333283089685938,-0.404958856051502,-0.521055410065969,3
37100,24,653,-0.62071154245755,1.40693759160623,-0.58660744160571,2
28200,6,224,-0.911406227647021,-1.31090707988037,-1.03298556113823,3
74600,18,705,0.60412561423966,0.500989367777362,-0.532501002874495,2
122700,18,4984,2.17518340722995,0.500989367777362,3.91983459964219,1
14200,18,197,-1.36867876614731,0.500989367777362,-1.06107928894098,2
75500,18,2450,0.633521706000393,0.500989367777362,1.28318621993261,1
62900,24,2561,0.221976421350131,1.40693759160623,1.39868265645501,1
19400,6,563,-1.19883468041863,-1.31090707988037,-0.680253200948197,3
46600,12,546,-0.310419462760923,-0.404958856051502,-0.697941844379555,3
79700,24,3384,0.770703467550481,1.40693759160623,2.2550211002202,1
45900,12,416,-0.333283089685938,-0.404958856051502,-0.833207941207592,3
42800,6,685,-0.434536294639574,-1.31090707988037,-0.55331117161727,3
65500,24,1931,0.306898464214471,1.40693759160623,0.743162341057605,2
33600,12,573,-0.735029677082623,-0.404958856051502,-0.669848116576809,3
55600,18,1553,-0.0164585451535927,0.500989367777362,0.34985015181916,2
24000,6,362,-1.04858798919711,-1.31090707988037,-0.889395396813084,3
25700,18,907,-0.993062038093502,0.500989367777362,-0.322318298572469,2
21500,18,445,-1.13024379964359,0.500989367777362,-0.803033196530569,2
68600,18,1342,0.408151669168107,0.500989367777362,0.130302871582885,2
23100,12,457,-1.07798408095784,-0.404958856051502,-0.790547095284904,3
53300,24,1598,-0.0915818907643549,1.40693759160623,0.396673031490403,2
112800,12,1861,1.85182639786189,-0.404958856051502,0.670326750457893,1
124900,18,4109,2.24704052042285,0.500989367777362,3.00938971714579,1
72200,18,3278,0.525736036211039,0.500989367777362,2.14472720588349,1
35100,6,421,-0.686036190814734,-1.31090707988037,-0.828005399021898,3
14900,12,275,-1.3458151392223,-0.404958856051502,-0.979919630844155,3
72000,12,1475,0.51920357137532,-0.404958856051502,0.268690493722338,3
82400,18,1779,0.85889174283268,0.500989367777362,0.585005058612516,1
41600,24,1634,-0.473731083653884,1.40693759160623,0.434131335227398,2
68500,12,1500,0.404885436750248,-0.404958856051502,0.294703204650807,3
62200,24,1348,0.199112794425116,1.40693759160623,0.136545922205717,2
35900,12,962,-0.65990633147186,-0.404958856051502,-0.265090334529838,3
14100,12,328,-1.37194499856517,-0.404958856051502,-0.924772683675802,3
36500,18,747,-0.640308936964705,0.500989367777362,-0.488799648514668,2
86400,12,1713,0.989541039547049,-0.404958856051502,0.516331501761359,1
39500,12,1006,-0.542321964428928,-0.404958856051502,-0.219307963295733,3
85300,12,2523,0.953612482950598,-0.404958856051502,1.35914333584374,1
110700,12,2458,1.78323551708684,-0.404958856051502,1.29151028742972,1
17700,18,742,-1.25436063152224,0.500989367777362,-0.494002190700362,2
33200,24,1639,-0.748094606754059,1.40693759160623,0.439333877413092,2
53800,12,843,-0.0752507286750588,-0.404958856051502,-0.388910838549348,3
44400,18,886,-0.382276575953826,0.500989367777362,-0.344168975752382,2
135700,24,2746,2.59979362155165,1.40693759160623,1.59117671732568,1
20700,12,550,-1.15637365898646,-0.404958856051502,-0.693779810631,3
83500,24,2098,0.894820299429132,1.40693759160623,0.916927250059775,1
84200,24,954,0.917683926354146,1.40693759160623,-0.273414402026948,2
79900,12,1041,0.777235932386199,-0.404958856051502,-0.182890167995877,3
19700,6,535,-1.18903598316506,-1.31090707988037,-0.709387437188082,3
35300,18,1369,-0.679503725979016,0.500989367777362,0.158396599385631,2
52000,18,2545,-0.134042912196525,0.500989367777362,1.38203452146079,1
21300,12,329,-1.13677626447931,-0.404958856051502,-0.923732175238663,3
63700,6,1351,0.248106280693005,-1.31090707988037,0.139667447517134,3
25900,18,582,-0.986529573257783,0.500989367777362,-0.660483540642561,2
65800,18,578,0.316697161468048,0.500989367777362,-0.664645574391116,2
11000,24,195,-1.47319820351881,1.40693759160623,-1.06316030581525,2
65900,12,777,0.319963393885908,-0.404958856051502,-0.457584395400505,3
108100,12,1133,1.6983134742225,-0.404958856051502,-0.0871633917791126,1
107300,18,1566,1.67218361487963,0.500989367777362,0.363376761501964,1
79500,12,1651,0.764171002714763,-0.404958856051502,0.451819978658757,1
95900,24,3168,1.29983311924368,1.40693759160623,2.03027127779823,1
45200,18,699,-0.356146716610952,0.500989367777362,-0.538744053497328,2
98500,18,2034,1.38475516210802,0.500989367777362,0.850334710082896,1
96200,12,1457,1.30963181649725,-0.404958856051502,0.249961341853841,1
17900,18,395,-1.24782816668652,0.500989367777362,-0.855058618387506,2
42700,6,541,-0.437802527057433,-1.31090707988037,-0.703144386565249,3
49700,24,2844,-0.209166257807287,1.40693759160623,1.69314654416528,1
43000,24,225,-0.428003829803855,1.40693759160623,-1.03194505270109,2
15500,6,210,-1.32621774471514,-1.31090707988037,-1.04755267925817,3
13000,6,43,-1.40787355516162,-1.31090707988037,-1.22131758826034,3
27200,24,243,-0.944068551825613,1.40693759160623,-1.01321590083259,2
26700,24,1120,-0.960399713914909,1.40693759160623,-0.100690001461916,2
61000,6,975,0.159918005410806,-1.31090707988037,-0.251563724847034,3
76600,24,2904,0.669450262596845,1.40693759160623,1.7555770503936,1
117500,12,927,2.00533932150127,-0.404958856051502,-0.301508129829694,1
90600,24,3167,1.12672280109714,1.40693759160623,2.02923076936109,1
12600,6,241,-1.42093848483306,-1.31090707988037,-1.01529691770687,3
12700,6,65,-1.4176722524152,-1.31090707988037,-1.19842640264329,3
77600,12,858,0.702112586775437,-0.404958856051502,-0.373303211992267,3
92400,6,2191,1.1855149846186,-1.31090707988037,1.01369453471368,1
71800,24,1946,0.512671106539602,1.40693759160623,0.758769967614686,1
95800,12,2581,1.29656688682582,-0.404958856051502,1.41949282519779,1
32600,12,172,-0.767692001261215,-0.404958856051502,-1.08709199986945,3
74500,12,824,0.600859381821801,-0.404958856051502,-0.408680498854985,3
29200,12,556,-0.878743903468429,-0.404958856051502,-0.687536760008168,3
12900,6,167,-1.41113978757948,-1.31090707988037,-1.09229454205514,3
117700,12,2104,2.01187178633699,-0.404958856051502,0.923170300682608,1
64100,18,1332,0.261171210364442,0.500989367777362,0.119897787211498,2
46500,24,829,-0.313685695178782,1.40693759160623,-0.403477956669291,2
12400,12,229,-1.42747094966878,-0.404958856051502,-1.02778301895254,3
130600,18,3442,2.43321576824083,0.500989367777362,2.31537058957425,1
74400,6,1893,0.597593149403942,-1.31090707988037,0.703623020446333,3
40600,6,690,-0.506393407832477,-1.31090707988037,-0.548108629431576,3
54200,6,486,-0.0621857990036219,-1.31090707988037,-0.76037235060788,3
65400,12,2290,0.303632231796612,-0.404958856051502,1.11670486999041,1
49100,6,934,-0.228763652314442,-1.31090707988037,-0.294224570769723,3
10600,24,517,-1.48626313319024,1.40693759160623,-0.728116589056579,2
76400,12,2216,0.662917797761126,-0.404958856051502,1.03970724564215,1
93700,24,1521,1.22797600605077,1.40693759160623,0.31655388183072,1
49000,18,1523,-0.232029884732302,0.500989367777362,0.318634898704998,2
96500,18,1364,1.31943051375083,0.500989367777362,0.153194057199937,1
55600,12,952,-0.0164585451535927,-0.404958856051502,-0.275495418901225,3
99600,6,871,1.42068371870447,-1.31090707988037,-0.359776602309464,3
79900,12,295,0.777235932386199,-0.404958856051502,-0.95910946210138,3
50500,12,642,-0.183036398464413,-0.404958856051502,-0.598053034414236,3
16300,6,317,-1.30008788537227,-1.31090707988037,-0.936218276484328,3
49200,12,1078,-0.225497419896583,-0.404958856051502,-0.144391355821744,3
48100,18,961,-0.261425976493035,0.500989367777362,-0.266130842966977,2
61300,24,1241,0.169716702664383,1.40693759160623,0.0252115194318718,2
72600,18,1999,0.538800965882476,0.500989367777362,0.81391691478304,1
19500,24,571,-1.19556844800077,1.40693759160623,-0.671929133451087,2
17200,12,329,-1.27069179361154,-0.404958856051502,-0.923732175238663,3
51100,24,1984,-0.163439003957258,1.40693759160623,0.798309288225959,2
76800,18,1061,0.675982727432563,0.500989367777362,-0.162079999253102,2
60200,12,1955,0.133788146067932,-0.404958856051502,0.768134543548935,1
59100,18,580,0.0978595894714803,0.500989367777362,-0.662564557516838,2
32500,24,883,-0.770958233679074,1.40693759160623,-0.347290501063799,2
49500,12,1195,-0.215698722643006,-0.404958856051502,-0.0226518686765104,3
109600,12,2318,1.74730696049039,-0.404958856051502,1.1458391062303,1
47300,6,640,-0.287555835835909,-1.31090707988037,-0.600134051288513,3
93000,24,2644,1.20511237912576,1.40693759160623,1.48504485673753,1
32000,24,1320,-0.78728939576837,1.40693759160623,0.107411685965833,2
44700,6,502,-0.372477878700248,-1.31090707988037,-0.74372421561366,3
69400,18,2419,0.434281528510981,0.500989367777362,1.25093045838131,1
64300,6,661,0.26770367520016,-1.31090707988037,-0.5782833741086,3
75400,24,2723,0.630255473582534,1.40693759160623,1.56724502327149,1
96100,6,1588,1.30636558407939,-1.31090707988037,0.386267947119016,3
118000,12,581,2.02167048359056,-0.404958856051502,-0.661524049079699,1
69700,12,1432,0.444080225764558,-0.404958856051502,0.223948630925372,3
59300,12,929,0.104392054307199,-0.404958856051502,-0.299427112955416,3
88600,6,212,1.06139815273995,-1.31090707988037,-1.0454716623839,3
102600,18,2546,1.51867069124024,0.500989367777362,1.38307502989793,1
43700,18,1344,-0.405140202878841,0.500989367777362,0.132383888457162,2
22400,24,947,-1.10084770788286,1.40693759160623,-0.280697961086919,2
70500,24,2145,0.470210085107432,1.40693759160623,0.965831146605296,1
54200,6,757,-0.0621857990036219,-1.31090707988037,-0.47839456414328,3
25300,6,451,-1.00612696776494,-1.31090707988037,-0.796790145907736,3
116100,24,2975,1.95961206765124,1.40693759160623,1.82945314943045,1
15900,18,406,-1.31315281504371,0.500989367777362,-0.84361302557898,2
46600,6,158,-0.310419462760923,-1.31090707988037,-1.10165911798939,3
23200,24,534,-1.07471784853998,1.40693759160623,-0.71042794562522,2
18200,12,401,-1.23802946943294,-0.404958856051502,-0.848815567764673,3
82700,18,1753,0.868690440086258,0.500989367777362,0.557951839246909,1
17000,18,659,-1.27722425844725,0.500989367777362,-0.580364390982877,2
83000,6,726,0.878489137339835,-1.31090707988037,-0.510650325694581,3
42400,18,1166,-0.447601224311011,0.500989367777362,-0.052826613353534,2
40200,18,1197,-0.519458337503914,0.500989367777362,-0.020570851802233,2
17300,6,411,-1.26742556119368,-1.31090707988037,-0.838410483393286,3
109800,24,2258,1.75383942532611,1.40693759160623,1.08340860000197,1
64400,24,1913,0.270969907618019,1.40693759160623,0.724433189189108,2
27600,24,893,-0.931003622154176,1.40693759160623,-0.336885416692411,2
25100,6,421,-1.01265943260066,-1.31090707988037,-0.828005399021898,3
46300,6,1138,-0.320218160014501,-1.31090707988037,-0.0819608495934189,3
74900,12,1804,0.613924311493238,-0.404958856051502,0.611017769540985,1
67900,18,1418,0.385288042243092,0.500989367777362,0.209381512805429,2
88500,24,1104,1.05813192032209,1.40693759160623,-0.117338136456136,2
99200,12,2796,1.40761878903303,-0.404958856051502,1.64320213918262,1
62800,18,1403,0.218710188932272,0.500989367777362,0.193773886248348,2
76900,24,3230,0.679248959850423,1.40693759160623,2.09478280090083,1
84100,6,1352,0.914417693936287,-1.31090707988037,0.140707955954272,3
77600,18,2004,0.702112586775437,0.500989367777362,0.819119456968734,1
19100,18,403,-1.20863337767221,0.500989367777362,-0.846734550890396,2
128700,24,3995,2.3711573523015,1.40693759160623,2.89077175531197,1
14400,6,390,-1.36214630131159,-1.31090707988037,-0.860261160573199,3
49600,6,770,-0.212432490225146,-1.31090707988037,-0.464867954460477,3
47000,6,963,-0.297354533089486,-1.31090707988037,-0.264049826092699,3
36600,6,833,-0.637042704546846,-1.31090707988037,-0.399315922920736,3
65800,12,869,0.316697161468048,-0.404958856051502,-0.361857619183741,3
52800,12,926,-0.107913052853651,-0.404958856051502,-0.302548638266833,3
96500,24,3780,1.31943051375083,1.40693759160623,2.66706244132714,1
63500,18,1023,0.241573815857286,0.500989367777362,-0.201619319864374,2
60400,6,791,0.14032061090365,-1.31090707988037,-0.443017277280563,3
102700,12,1473,1.5219369236581,-0.404958856051502,0.26660947684806,1
100100,6,1597,1.43701488079376,-1.31090707988037,0.395632523053265,1
54400,6,1150,-0.0556533341679034,-1.31090707988037,-0.0694747483477539,3
105600,6,304,1.61665766377602,-1.31090707988037,-0.949744886167131,3
57900,12,1693,0.0586648004571695,-0.404958856051502,0.495521333018584,3
31500,18,269,-0.803620557857666,0.500989367777362,-0.986162681466987,2
60100,18,1430,0.130521913650073,0.500989367777362,0.221867614051094,2
87400,18,2729,1.02220336372564,0.500989367777362,1.57348807389432,1
117900,6,1760,2.01840425117271,-1.31090707988037,0.56523539830688,1
48800,24,1271,-0.23856234956802,1.40693759160623,0.0564267725460341,2
67900,12,356,0.385288042243092,-0.404958856051502,-0.895638447435917,3
66200,6,1024,0.329762091139485,-1.31090707988037,-0.200578811427236,3
88000,6,524,1.0418007582328,-1.31090707988037,-0.720833029996608,3
94200,18,1211,1.24430716814007,0.500989367777362,-0.00600373368229053,1
29200,6,636,-0.878743903468429,-1.31090707988037,-0.604296085037068,3
15300,24,645,-1.33275020955086,1.40693759160623,-0.59493150910282,2
17500,18,472,-1.26089309635796,0.500989367777362,-0.774939468727822,2
168800,6,1512,3.68091655186305,-1.31090707988037,0.307189305896471,1
40200,18,1634,-0.519458337503914,0.500989367777362,0.434131335227398,2
28400,18,182,-0.904873762811302,0.500989367777362,-1.07668691549806,2
72200,18,1042,0.525736036211039,0.500989367777362,-0.181849659558738,2
55200,18,1714,-0.0295234748250296,0.500989367777362,0.517372010198498,2
44600,18,966,-0.375744111118108,0.500989367777362,-0.260928300781283,2
58400,12,829,0.0749959625464657,-0.404958856051502,-0.403477956669291,3
67800,6,680,0.382021809825233,-1.31090707988037,-0.558513713802964,3
25500,18,636,-0.99959450292922,0.500989367777362,-0.604296085037068,2
20000,6,182,-1.17923728591148,-1.31090707988037,-1.07668691549806,3
52600,18,1773,-0.11444551768937,0.500989367777362,0.578762007989684,2
97600,12,2902,1.35535907034728,-0.404958856051502,1.75349603351933,1
23400,6,348,-1.06818538370426,-1.31090707988037,-0.903962514933027,3
102500,12,548,1.51540445882238,-0.404958856051502,-0.695860827505278,3
52300,18,2034,-0.124244214942947,0.500989367777362,0.850334710082896,2
65400,12,2296,0.303632231796612,-0.404958856051502,1.12294792061325,1
19600,12,395,-1.19230221558291,-0.404958856051502,-0.855058618387506,3
37000,12,850,-0.623977774875409,-0.404958856051502,-0.381627279489377,3
13200,18,512,-1.4013410903259,0.500989367777362,-0.733319131242273,2
63800,24,1622,0.251372513110864,1.40693759160623,0.421645233981733,2
22600,12,865,-1.09431524304714,-0.404958856051502,-0.366019652932296,3
37300,6,673,-0.614179077621831,-1.31090707988037,-0.565797272862935,3
14900,12,422,-1.3458151392223,-0.404958856051502,-0.82696489058476,3
36700,6,529,-0.633776472128987,-1.31090707988037,-0.715630487810914,3
63200,24,1932,0.231775118603709,1.40693759160623,0.744202849494744,2
77300,18,1853,0.69231388952186,0.500989367777362,0.662002682960783,1
43100,12,1224,-0.424737597385996,-0.404958856051502,0.00752287600051314,3
44800,6,666,-0.369211646282389,-1.31090707988037,-0.573080831922906,3
70900,24,1685,0.483275014778869,1.40693759160623,0.487197265521474,2
38200,24,1476,-0.584782985861098,1.40693759160623,0.269731002159477,2
18400,6,319,-1.23149700459723,-1.31090707988037,-0.93413725961005,3
40700,18,232,-0.503127175414617,0.500989367777362,-1.02466149364112,2
71300,18,1543,0.496339944450306,0.500989367777362,0.339445067447773,1
36400,18,506,-0.643575169382564,0.500989367777362,-0.739562181865105,2
15400,6,172,-1.329483977133,-1.31090707988037,-1.08709199986945,3
39100,12,1001,-0.555386894100365,-0.404958856051502,-0.224510505481427,3
43800,12,606,-0.401873970460981,-0.404958856051502,-0.635511338151231,3
25300,12,591,-1.00612696776494,-0.404958856051502,-0.651118964708312,3
71800,12,1389,0.512671106539602,-0.404958856051502,0.179206768128406,3
73200,24,2177,0.558398360389631,1.40693759160623,0.999127416593736,1
79000,18,2279,0.747839840625466,0.500989367777362,1.10525927718189,1
75200,24,2702,0.623723008746816,1.40693759160623,1.54539434609158,1
25300,6,510,-1.00612696776494,-1.31090707988037,-0.73540014811655,3
43600,12,1047,-0.4084064352967,-0.404958856051502,-0.176647117373045,3
83600,6,538,0.898086531846991,-1.31090707988037,-0.706265911876665,3
56200,18,1546,0.00313884935356267,0.500989367777362,0.342566592759189,2
45500,6,754,-0.346348019357375,-1.31090707988037,-0.481516089454697,3
99300,12,1504,1.41088502145089,-0.404958856051502,0.298865238399362,1
108000,24,1849,1.69504724180464,1.40693759160623,0.657840649212228,1
84900,24,3072,0.940547553279161,1.40693759160623,1.93038246783291,1
93000,6,1046,1.20511237912576,-1.31090707988037,-0.177687625810183,3
82000,18,1800,0.845826813161243,0.500989367777362,0.60685573579243,1
33000,6,700,-0.754627071589778,-1.31090707988037,-0.537703545060189,3
36900,24,514,-0.627244007293268,1.40693759160623,-0.731238114367995,2
33200,6,320,-0.748094606754059,-1.31090707988037,-0.933096751172912,3
49300,24,1692,-0.222231187478724,1.40693759160623,0.494480824581445,2
66200,24,2057,0.329762091139485,1.40693759160623,0.874266404137087,1
96800,18,2299,1.32922921100441,0.500989367777362,1.12606944592466,1
63200,24,1507,0.231775118603709,1.40693759160623,0.301986763710778,2
112900,24,6217,1.85509263027974,1.40693759160623,5.20278150263426,1
32100,24,405,-0.784023163350511,1.40693759160623,-0.844653534016118,2
102700,18,3785,1.5219369236581,0.500989367777362,2.67226498351284,1
123800,18,3537,2.2111119638264,0.500989367777362,2.41421889110243,1
11700,18,540,-1.45033457659379,0.500989367777362,-0.704184895002388,2
101700,6,941,1.48927459947951,-1.31090707988037,-0.286941011709751,3
99200,24,5503,1.40761878903303,1.40693759160623,4.4598584785172,1
17600,6,273,-1.2576268639401,-1.31090707988037,-0.982000647718433,3
19400,18,384,-1.19883468041863,0.500989367777362,-0.866504211196032,2
40500,18,1073,-0.509659640250336,0.500989367777362,-0.149593898007437,2
44800,24,1417,-0.369211646282389,1.40693759160623,0.208341004368291,2
79000,18,671,0.747839840625466,0.500989367777362,-0.567878289737212,2
53600,24,973,-0.0817831935107772,1.40693759160623,-0.253644741721312,2
