Id,Last
80111,0
80112,0
80116,0
80117,0
80118,0
80124,0
80127,0
80128,0
80129,0
80130,0
80131,0
80137,0
80140,0
80143,0
80144,0
80145,0
80146,0
80148,0
80149,0
80150,0
80154,0
80158,0
80159,0
80160,0
80163,0
80167,0
80170,0
80171,0
80173,0
80175,0
80176,0
80177,0
80179,0
80182,0
80183,0
80184,0
80186,0
80193,0
80195,0
80196,0
80204,0
80205,0
80206,0
80207,0
80208,0
80210,0
80211,0
80213,0
80214,0
80217,0
80218,0
80220,0
80222,0
80224,0
80226,0
80227,0
80230,0
80233,0
80235,0
80236,0
80238,0
80239,0
80240,0
80241,0
80244,0
80246,0
80247,0
80250,0
80252,0
80254,0
80257,0
80258,0
80260,0
80262,0
80263,0
80264,0
80265,0
80270,0
80272,0
80273,0
80275,0
80277,0
80278,0
80280,0
80283,0
80284,0
80285,0
80286,0
80287,0
80288,0
80290,0
80292,0
80295,0
80297,0
80299,0
80300,0
80301,0
80302,0
80305,0
80306,0
80307,0
80309,0
80310,0
80314,0
80316,0
80319,0
80320,0
80321,0
80324,0
80328,0
80330,0
80332,0
80334,0
80336,0
80337,0
80338,0
80342,0
80343,0
80344,0
80346,0
80348,0
80352,0
80353,0
80357,0
80358,0
80360,0
80361,0
80362,0
80364,0
80366,0
80367,0
80369,0
80370,0
80373,0
80374,0
80375,0
80376,0
80377,0
80382,0
80383,0
80386,0
80387,0
80388,0
80389,0
80392,0
80394,0
80395,0
80400,0
80402,0
80404,0
80405,0
80407,0
80410,0
80411,0
80413,0
80415,0
80416,0
80417,0
80418,0
80419,0
80420,0
80421,0
80425,0
80426,0
80429,0
80431,0
80432,0
80433,0
80435,0
80436,0
80437,0
80438,0
80440,0
80441,0
80442,0
80443,0
80444,0
80447,0
80449,0
80451,0
80453,0
80454,0
80456,0
80459,0
80460,0
80463,0
80464,0
80465,0
80468,0
80469,0
80470,0
80472,0
80473,0
80475,0
80476,0
80477,0
80478,0
80479,0
80480,0
80484,0
80485,0
80486,0
80487,0
80488,0
80491,0
80492,0
80497,0
80499,0
80501,0
80502,0
80505,0
80506,0
80508,0
80509,0
80512,0
80513,0
80514,0
80517,0
80518,0
80519,0
80522,0
80523,0
80524,0
80526,0
80534,0
80535,0
80536,0
80538,0
80539,0
80541,0
80542,0
80546,0
80547,0
80548,0
80549,0
80551,0
80553,0
80557,0
80558,0
80561,0
80563,0
80564,0
80567,0
80568,0
80571,0
80574,0
80575,0
80576,0
80579,0
80585,0
80590,0
80591,0
80592,0
80594,0
80597,0
80598,0
80602,0
80610,0
80612,0
80616,0
80619,0
80621,0
80622,0
80625,0
80627,0
80628,0
80634,0
80635,0
80636,0
80637,0
80638,0
80640,0
80645,0
80647,0
80652,0
80653,0
80655,0
80658,0
80660,0
80663,0
80664,0
80665,0
80666,0
80671,0
80672,0
80673,0
80674,0
80675,0
80676,0
80677,0
80678,0
80683,0
80684,0
80686,0
80687,0
80691,0
80692,0
80694,0
80695,0
80697,0
80698,0
80703,0
80704,0
80705,0
80706,0
80707,0
80709,0
80712,0
80713,0
80715,0
80718,0
80722,0
80723,0
80725,0
80728,0
80730,0
80731,0
80735,0
80736,0
80737,0
80738,0
80744,0
80745,0
80746,0
80747,0
80748,0
80750,0
80752,0
80753,0
80754,0
80755,0
80758,0
80759,0
80760,0
80761,0
80765,0
80768,0
80769,0
80771,0
80774,0
80775,0
80776,0
80777,0
80779,0
80781,0
80782,0
80783,0
80784,0
80785,0
80786,0
80789,0
80790,0
80791,0
80792,0
80795,0
80797,0
80798,0
80802,0
80803,0
80805,0
80806,0
80810,0
80812,0
80817,0
80819,0
80820,0
80821,0
80824,0
80825,0
80826,0
80829,0
80830,0
80841,0
80844,0
80846,0
80847,0
80848,0
80849,0
80850,0
80852,0
80854,0
80855,0
80858,0
80859,0
80861,0
80865,0
80869,0
80871,0
80873,0
80875,0
80877,0
80879,0
80881,0
80882,0
80885,0
80886,0
80894,0
80899,0
80900,0
80902,0
80904,0
80907,0
80908,0
80909,0
80911,0
80912,0
80913,0
80914,0
80915,0
80916,0
80917,0
80919,0
80920,0
80923,0
80926,0
80927,0
80930,0
80934,0
80936,0
80939,0
80940,0
80942,0
80943,0
80944,0
80946,0
80947,0
80948,0
80949,0
80951,0
80952,0
80957,0
80958,0
80961,0
80962,0
80965,0
80966,0
80970,0
80971,0
80976,0
80981,0
80984,0
80985,0
80987,0
80989,0
80990,0
80991,0
80993,0
80994,0
80995,0
80997,0
80999,0
81001,0
81003,0
81004,0
81005,0
81006,0
81007,0
81008,0
81010,0
81013,0
81016,0
81018,0
81019,0
81020,0
81022,0
81024,0
81025,0
81026,0
81028,0
81029,0
81030,0
81038,0
81041,0
81044,0
81045,0
81048,0
81050,0
81051,0
81053,0
81054,0
81056,0
81057,0
81058,0
81059,0
81061,0
81062,0
81065,0
81067,0
81068,0
81071,0
81075,0
81079,0
81080,0
81083,0
81085,0
81088,0
81090,0
81092,0
81093,0
81095,0
81096,0
81099,0
81100,0
81102,0
81104,0
81105,0
81106,0
81107,0
81109,0
81110,0
81111,0
81112,0
81114,0
81115,0
81116,0
81117,0
81119,0
81120,0
81121,0
81122,0
81124,0
81126,0
81128,0
81129,0
81130,0
81131,0
81133,0
81135,0
81136,0
81139,0
81141,0
81142,0
81145,0
81147,0
81148,0
81152,0
81154,0
81156,0
81157,0
81158,0
81159,0
81161,0
81162,0
81165,0
81167,0
81168,0
81170,0
81173,0
81175,0
81176,0
81178,0
81179,0
81181,0
81182,0
81184,0
81185,0
81188,0
81189,0
81191,0
81193,0
81195,0
81196,0
81198,0
81200,0
81203,0
81204,0
81205,0
81206,0
81207,0
81209,0
81211,0
81220,0
81222,0
81224,0
81225,0
81226,0
81232,0
81243,0
81245,0
81246,0
81247,0
81249,0
81252,0
81253,0
81256,0
81259,0
81261,0
81265,0
81268,0
81269,0
81270,0
81272,0
81273,0
81276,0
81277,0
81280,0
81281,0
81282,0
81283,0
81292,0
81296,0
81300,0
81301,0
81302,0
81303,0
81304,0
81305,0
81307,0
81308,0
81309,0
81310,0
81313,0
81315,0
81317,0
81318,0
81320,0
81324,0
81325,0
81326,0
81327,0
81329,0
81332,0
81333,0
81334,0
81335,0
81338,0
81339,0
81340,0
81342,0
81346,0
81347,0
81348,0
81353,0
81354,0
81355,0
81356,0
81357,0
81358,0
81361,0
81362,0
81363,0
81364,0
81365,0
81368,0
81369,0
81372,0
81376,0
81378,0
81379,0
81382,0
81383,0
81384,0
81385,0
81389,0
81391,0
81392,0
81394,0
81396,0
81397,0
81403,0
81409,0
81412,0
81414,0
81415,0
81416,0
81417,0
81418,0
81419,0
81420,0
81421,0
81422,0
81430,0
81431,0
81432,0
81434,0
81435,0
81436,0
81439,0
81441,0
81444,0
81447,0
81448,0
81449,0
81451,0
81453,0
81455,0
81456,0
81457,0
81460,0
81461,0
81462,0
81463,0
81465,0
81466,0
81474,0
81475,0
81478,0
81479,0
81480,0
81481,0
81482,0
81483,0
81484,0
81486,0
81490,0
81491,0
81492,0
81494,0
81496,0
81499,0
81500,0
81501,0
81503,0
81505,0
81509,0
81511,0
81513,0
81516,0
81517,0
81518,0
81523,0
81524,0
81525,0
81526,0
81529,0
81530,0
81533,0
81534,0
81536,0
81540,0
81541,0
81542,0
81543,0
81544,0
81545,0
81547,0
81549,0
81552,0
81556,0
81557,0
81558,0
81559,0
81561,0
81563,0
81564,0
81566,0
81567,0
81568,0
81569,0
81570,0
81575,0
81582,0
81584,0
81585,0
81586,0
81587,0
81591,0
81593,0
81594,0
81595,0
81596,0
81598,0
81599,0
81603,0
81604,0
81605,0
81607,0
81608,0
81611,0
81613,0
81619,0
81620,0
81621,0
81622,0
81623,0
81624,0
81625,0
81626,0
81627,0
81628,0
81629,0
81638,0
81639,0
81640,0
81641,0
81643,0
81644,0
81645,0
81647,0
81649,0
81651,0
81652,0
81653,0
81657,0
81659,0
81660,0
81661,0
81662,0
81663,0
81666,0
81667,0
81668,0
81669,0
81670,0
81674,0
81675,0
81676,0
81677,0
81679,0
81681,0
81682,0
81683,0
81688,0
81692,0
81693,0
81695,0
81696,0
81702,0
81703,0
81705,0
81709,0
81713,0
81715,0
81717,0
81720,0
81721,0
81723,0
81724,0
81725,0
81726,0
81732,0
81733,0
81735,0
81736,0
81740,0
81742,0
81743,0
81744,0
81747,0
81748,0
81752,0
81755,0
81758,0
81759,0
81760,0
81761,0
81763,0
81766,0
81768,0
81771,0
81773,0
81776,0
81777,0
81779,0
81783,0
81784,0
81786,0
81787,0
81788,0
81792,0
81795,0
81796,0
81797,0
81801,0
81803,0
81806,0
81807,0
81808,0
81809,0
81810,0
81811,0
81813,0
81816,0
81819,0
81820,0
81824,0
81825,0
81826,0
81827,0
81828,0
81832,0
81834,0
81835,0
81836,0
81838,0
81840,0
81841,0
81843,0
81845,0
81847,0
81851,0
81855,0
81856,0
81859,0
81860,0
81861,0
81862,0
81864,0
81869,0
81870,0
81871,0
81872,0
81873,0
81876,0
81877,0
81879,0
81880,0
81881,0
81882,0
81884,0
81886,0
81887,0
81888,0
81889,0
81890,0
81892,0
81894,0
81896,0
81897,0
81898,0
81899,0
81901,0
81902,0
81905,0
81906,0
81908,0
81909,0
81910,0
81912,0
81914,0
81915,0
81917,0
81919,0
81921,0
81922,0
81923,0
81924,0
81925,0
81926,0
81927,0
81929,0
81930,0
81934,0
81936,0
81939,0
81941,0
81942,0
81945,0
81947,0
81950,0
81952,0
81958,0
81959,0
81962,0
81965,0
81967,0
81968,0
81970,0
81973,0
81976,0
81978,0
81983,0
81986,0
81990,0
81994,0
81999,0
82000,0
82001,0
82003,0
82004,0
82006,0
82008,0
82009,0
82010,0
82012,0
82013,0
82014,0
82015,0
82016,0
82018,0
82019,0
82020,0
82021,0
82027,0
82028,0
82030,0
82032,0
82033,0
82034,0
82035,0
82038,0
82039,0
82040,0
82042,0
82043,0
82050,0
82062,0
82063,0
82064,0
82065,0
82066,0
82067,0
82070,0
82073,0
82074,0
82076,0
82078,0
82079,0
82081,0
82082,0
82085,0
82086,0
82089,0
82091,0
82093,0
82094,0
82097,0
82100,0
82101,0
82102,0
82104,0
82105,0
82107,0
82108,0
82110,0
82111,0
82112,0
82114,0
82115,0
82117,0
82122,0
82124,0
82125,0
82128,0
82131,0
82132,0
82134,0
82137,0
82142,0
82158,0
82161,0
82162,0
82165,0
82166,0
82167,0
82168,0
82173,0
82174,0
82178,0
82179,0
82181,0
82184,0
82185,0
82188,0
82192,0
82196,0
82197,0
82198,0
82199,0
82201,0
82203,0
82204,0
82206,0
82208,0
82213,0
82214,0
82216,0
82218,0
82221,0
82224,0
82225,0
82226,0
82229,0
82230,0
82233,0
82237,0
82238,0
82239,0
82244,0
82246,0
82250,0
82251,0
82252,0
82253,0
82254,0
82257,0
82258,0
82259,0
82263,0
82266,0
82267,0
82268,0
82269,0
82274,0
82275,0
82276,0
82279,0
82281,0
82283,0
82284,0
82285,0
82286,0
82287,0
82291,0
82293,0
82294,0
82299,0
82302,0
82303,0
82304,0
82305,0
82306,0
82308,0
82312,0
82318,0
82320,0
82321,0
82322,0
82324,0
82327,0
82328,0
82330,0
82332,0
82333,0
82336,0
82337,0
82338,0
82339,0
82342,0
82345,0
82346,0
82349,0
82350,0
82354,0
82355,0
82357,0
82362,0
82363,0
82364,0
82369,0
82371,0
82375,0
82377,0
82379,0
82380,0
82381,0
82384,0
82386,0
82387,0
82388,0
82389,0
82391,0
82392,0
82393,0
82394,0
82395,0
82397,0
82399,0
82400,0
82402,0
82405,0
82408,0
82409,0
82410,0
82412,0
82413,0
82415,0
82416,0
82419,0
82423,0
82424,0
82425,0
82426,0
82430,0
82432,0
82433,0
82435,0
82438,0
82442,0
82447,0
82448,0
82450,0
82452,0
82454,0
82455,0
82457,0
82466,0
82467,0
82468,0
82470,0
82474,0
82476,0
82478,0
82479,0
82480,0
82481,0
82485,0
82487,0
82488,0
82492,0
82493,0
82494,0
82495,0
82496,0
82497,0
82501,0
82502,0
82503,0
82504,0
82506,0
82507,0
82509,0
82510,0
82512,0
82513,0
82514,0
82515,0
82516,0
82517,0
82518,0
82519,0
82521,0
82522,0
82524,0
82526,0
82527,0
82529,0
82531,0
82532,0
82540,0
82545,0
82548,0
82550,0
82551,0
82552,0
82554,0
82555,0
82559,0
82560,0
82561,0
82562,0
82564,0
82565,0
82566,0
82567,0
82569,0
82570,0
82577,0
82578,0
82580,0
82582,0
82586,0
82587,0
82588,0
82590,0
82591,0
82595,0
82596,0
82599,0
82600,0
82601,0
82602,0
82603,0
82607,0
82609,0
82612,0
82614,0
82616,0
82618,0
82621,0
82624,0
82625,0
82630,0
82631,0
82632,0
82633,0
82639,0
82641,0
82643,0
82646,0
82649,0
82650,0
82652,0
82654,0
82656,0
82659,0
82663,0
82666,0
82667,0
82669,0
82672,0
82678,0
82682,0
82688,0
82689,0
82692,0
82693,0
82696,0
82697,0
82699,0
82700,0
82703,0
82706,0
82709,0
82711,0
82716,0
82718,0
82719,0
82720,0
82721,0
82722,0
82723,0
82725,0
82726,0
82730,0
82731,0
82733,0
82736,0
82738,0
82739,0
82740,0
82743,0
82744,0
82745,0
82747,0
82748,0
82751,0
82752,0
82753,0
82755,0
82757,0
82758,0
82761,0
82762,0
82763,0
82765,0
82767,0
82773,0
82777,0
82783,0
82784,0
82785,0
82788,0
82793,0
82794,0
82795,0
82797,0
82798,0
82800,0
82801,0
82802,0
82803,0
82805,0
82807,0
82809,0
82810,0
82811,0
82813,0
82815,0
82817,0
82819,0
82820,0
82822,0
82826,0
82827,0
82828,0
82831,0
82832,0
82833,0
82834,0
82836,0
82837,0
82838,0
82839,0
82840,0
82843,0
82845,0
82846,0
82848,0
82850,0
82851,0
82852,0
82854,0
82856,0
82858,0
82859,0
82860,0
82861,0
82862,0
82863,0
82864,0
82865,0
82867,0
82870,0
82872,0
82876,0
82878,0
82881,0
82882,0
82885,0
82886,0
82888,0
82891,0
82894,0
82895,0
82897,0
82898,0
82900,0
82901,0
82902,0
82905,0
82907,0
82908,0
82911,0
82912,0
82913,0
82914,0
82916,0
82917,0
82918,0
82920,0
82921,0
82927,0
82929,0
82930,0
82934,0
82937,0
82944,0
82946,0
82947,0
82948,0
82949,0
82951,0
82955,0
82960,0
82961,0
82962,0
82964,0
82965,0
82968,0
82970,0
82971,0
82983,0
82986,0
82988,0
82989,0
82990,0
82991,0
82992,0
82993,0
82994,0
82995,0
82996,0
82997,0
82999,0
83005,0
83006,0
83007,0
83008,0
83009,0
83010,0
83011,0
83012,0
83015,0
83017,0
83018,0
83019,0
83020,0
83022,0
83023,0
83024,0
83028,0
83030,0
83031,0
83032,0
83033,0
83034,0
83036,0
83037,0
83038,0
83041,0
83043,0
83044,0
83047,0
83049,0
83052,0
83053,0
83055,0
83057,0
83058,0
83059,0
83060,0
83061,0
83062,0
83066,0
83067,0
83073,0
83075,0
83076,0
83078,0
83079,0
83081,0
83082,0
83083,0
83085,0
83087,0
83088,0
83090,0
83092,0
83093,0
83098,0
83099,0
83100,0
83101,0
83102,0
83106,0
83107,0
83114,0
83115,0
83117,0
83118,0
83121,0
83122,0
83123,0
83125,0
83126,0
83131,0
83135,0
83136,0
83138,0
83139,0
83141,0
83142,0
83146,0
83147,0
83148,0
83149,0
83150,0
83151,0
83152,0
83154,0
83156,0
83157,0
83158,0
83161,0
83162,0
83163,0
83166,0
83167,0
83169,0
83170,0
83173,0
83174,0
83175,0
83181,0
83183,0
83184,0
83186,0
83191,0
83192,0
83193,0
83194,0
83195,0
83197,0
83198,0
83201,0
83202,0
83209,0
83211,0
83213,0
83215,0
83216,0
83219,0
83220,0
83223,0
83224,0
83225,0
83226,0
83227,0
83228,0
83229,0
83230,0
83232,0
83234,0
83235,0
83238,0
83239,0
83245,0
83246,0
83247,0
83249,0
83254,0
83257,0
83259,0
83263,0
83268,0
83270,0
83271,0
83273,0
83274,0
83275,0
83277,0
83278,0
83279,0
83283,0
83286,0
83288,0
83290,0
83293,0
83294,0
83296,0
83298,0
83299,0
83301,0
83302,0
83304,0
83305,0
83306,0
83307,0
83309,0
83310,0
83311,0
83312,0
83313,0
83314,0
83316,0
83317,0
83320,0
83321,0
83322,0
83325,0
83326,0
83327,0
83328,0
83331,0
83332,0
83333,0
83334,0
83335,0
83336,0
83337,0
83342,0
83344,0
83345,0
83347,0
83348,0
83349,0
83350,0
83351,0
83354,0
83356,0
83357,0
83359,0
83361,0
83363,0
83364,0
83365,0
83367,0
83370,0
83373,0
83375,0
83380,0
83381,0
83383,0
83384,0
83385,0
83387,0
83389,0
83391,0
83392,0
83396,0
83398,0
83400,0
83401,0
83402,0
83403,0
83405,0
83406,0
83407,0
83409,0
83412,0
83418,0
83422,0
83425,0
83427,0
83428,0
83430,0
83433,0
83436,0
83437,0
83442,0
83443,0
83444,0
83446,0
83448,0
83449,0
83452,0
83453,0
83457,0
83459,0
83460,0
83461,0
83462,0
83463,0
83465,0
83467,0
83469,0
83470,0
83471,0
83472,0
83476,0
83477,0
83478,0
83480,0
83482,0
83483,0
83484,0
83485,0
83487,0
83491,0
83492,0
83493,0
83494,0
83496,0
83497,0
83498,0
83499,0
83500,0
83502,0
83503,0
83505,0
83506,0
83511,0
83512,0
83513,0
83514,0
83515,0
83517,0
83518,0
83519,0
83520,0
83521,0
83523,0
83525,0
83526,0
83527,0
83533,0
83534,0
83535,0
83539,0
83540,0
83541,0
83542,0
83545,0
83549,0
83550,0
83551,0
83552,0
83555,0
83556,0
83557,0
83558,0
83559,0
83560,0
83561,0
83563,0
83565,0
83570,0
83571,0
83572,0
83580,0
83581,0
83584,0
83585,0
83587,0
83588,0
83590,0
83591,0
83593,0
83594,0
83597,0
83599,0
83600,0
83608,0
83609,0
83610,0
83611,0
83612,0
83613,0
83617,0
83621,0
83624,0
83627,0
83628,0
83629,0
83631,0
83634,0
83635,0
83636,0
83638,0
83641,0
83643,0
83644,0
83645,0
83646,0
83647,0
83648,0
83649,0
83650,0
83651,0
83653,0
83655,0
83659,0
83660,0
83661,0
83662,0
83664,0
83665,0
83667,0
83673,0
83674,0
83675,0
83678,0
83679,0
83680,0
83682,0
83683,0
83684,0
83685,0
83688,0
83691,0
83692,0
83693,0
83694,0
83695,0
83696,0
83698,0
83699,0
83700,0
83702,0
83703,0
83705,0
83706,0
83708,0
83709,0
83710,0
83712,0
83713,0
83714,0
83717,0
83718,0
83721,0
83722,0
83723,0
83724,0
83730,0
83732,0
83734,0
83735,0
83736,0
83738,0
83742,0
83744,0
83745,0
83747,0
83748,0
83751,0
83752,0
83754,0
83755,0
83756,0
83757,0
83758,0
83761,0
83762,0
83763,0
83764,0
83765,0
83766,0
83774,0
83775,0
83776,0
83778,0
83779,0
83782,0
83783,0
83786,0
83787,0
83788,0
83789,0
83790,0
83792,0
83793,0
83797,0
83798,0
83800,0
83801,0
83805,0
83806,0
83807,0
83808,0
83809,0
83811,0
83815,0
83817,0
83818,0
83819,0
83820,0
83823,0
83824,0
83825,0
83827,0
83828,0
83829,0
83832,0
83835,0
83836,0
83838,0
83839,0
83841,0
83842,0
83845,0
83846,0
83847,0
83848,0
83850,0
83851,0
83852,0
83855,0
83857,0
83859,0
83863,0
83864,0
83867,0
83868,0
83871,0
83872,0
83873,0
83877,0
83879,0
83881,0
83882,0
83884,0
83885,0
83886,0
83888,0
83892,0
83893,0
83894,0
83896,0
83899,0
83902,0
83903,0
83905,0
83906,0
83907,0
83911,0
83912,0
83917,0
83918,0
83919,0
83920,0
83923,0
83926,0
83927,0
83930,0
83933,0
83936,0
83937,0
83939,0
83940,0
83941,0
83943,0
83944,0
83946,0
83947,0
83948,0
83949,0
83951,0
83952,0
83954,0
83956,0
83959,0
83961,0
83962,0
83965,0
83969,0
83970,0
83971,0
83976,0
83977,0
83978,0
83980,0
83982,0
83984,0
83985,0
83986,0
83987,0
83989,0
83990,0
83992,0
83996,0
83998,0
84001,0
84004,0
84006,0
84007,0
84011,0
84013,0
84015,0
84018,0
84019,0
84021,0
84024,0
84025,0
84026,0
84027,0
84032,0
84033,0
84034,0
84038,0
84039,0
84041,0
84042,0
84044,0
84047,0
84049,0
84050,0
84053,0
84058,0
84059,0
84061,0
84064,0
84065,0
84068,0
84075,0
84076,0
84081,0
84084,0
84087,0
84093,0
84094,0
84096,0
84101,0
84102,0
84103,0
84104,0
84107,0
84108,0
84112,0
84113,0
84114,0
84118,0
84119,0
84120,0
84121,0
84122,0
84123,0
84124,0
84128,0
84129,0
84131,0
84133,0
84135,0
84136,0
84137,0
84139,0
84143,0
84145,0
84147,0
84148,0
84149,0
84150,0
84152,0
84153,0
84154,0
84159,0
84160,0
84163,0
84167,0
84170,0
84172,0
84173,0
84174,0
84178,0
84182,0
84183,0
84187,0
84188,0
84189,0
84191,0
84192,0
84193,0
84195,0
84196,0
84200,0
84201,0
84205,0
84206,0
84207,0
84211,0
84212,0
84213,0
84214,0
84215,0
84218,0
84220,0
84221,0
84222,0
84224,0
84227,0
84232,0
84234,0
84237,0
84238,0
84239,0
84241,0
84243,0
84245,0
84248,0
84252,0
84253,0
84255,0
84256,0
84258,0
84260,0
84263,0
84264,0
84265,0
84270,0
84271,0
84272,0
84273,0
84275,0
84278,0
84279,0
84283,0
84289,0
84290,0
84291,0
84292,0
84300,0
84302,0
84303,0
84304,0
84305,0
84307,0
84309,0
84310,0
84313,0
84314,0
84315,0
84316,0
84317,0
84323,0
84324,0
84325,0
84327,0
84328,0
84329,0
84331,0
84334,0
84336,0
84339,0
84340,0
84342,0
84344,0
84346,0
84348,0
84350,0
84351,0
84352,0
84356,0
84357,0
84360,0
84363,0
84364,0
84366,0
84367,0
84375,0
84379,0
84384,0
84386,0
84389,0
84390,0
84393,0
84395,0
84397,0
84400,0
84402,0
84405,0
84410,0
84411,0
84413,0
84414,0
84417,0
84418,0
84422,0
84423,0
84424,0
84425,0
84426,0
84428,0
84429,0
84430,0
84431,0
84432,0
84433,0
84437,0
84439,0
84441,0
84442,0
84443,0
84444,0
84445,0
84446,0
84447,0
84452,0
84454,0
84457,0
84461,0
84462,0
84465,0
84468,0
84471,0
84475,0
84476,0
84478,0
84479,0
84481,0
84483,0
84484,0
84486,0
84487,0
84488,0
84491,0
84492,0
84493,0
84495,0
84496,0
84497,0
84498,0
84499,0
84501,0
84504,0
84505,0
84509,0
84511,0
84513,0
84519,0
84523,0
84526,0
84527,0
84528,0
84531,0
84534,0
84535,0
84536,0
84537,0
84541,0
84542,0
84544,0
84545,0
84547,0
84548,0
84549,0
84550,0
84554,0
84556,0
84557,0
84558,0
84559,0
84560,0
84562,0
84564,0
84565,0
84566,0
84567,0
84568,0
84569,0
84570,0
84571,0
84573,0
84575,0
84577,0
84579,0
84580,0
84582,0
84583,0
84584,0
84587,0
84590,0
84594,0
84595,0
84596,0
84598,0
84600,0
84605,0
84608,0
84610,0
84613,0
84614,0
84616,0
84618,0
84619,0
84622,0
84624,0
84627,0
84629,0
84630,0
84631,0
84632,0
84633,0
84636,0
84637,0
84639,0
84640,0
84648,0
84649,0
84650,0
84652,0
84654,0
84655,0
84660,0
84663,0
84664,0
84665,0
84666,0
84667,0
84670,0
84671,0
84672,0
84674,0
84675,0
84677,0
84678,0
84679,0
84681,0
84682,0
84684,0
84687,0
84689,0
84692,0
84693,0
84696,0
84700,0
84701,0
84702,0
84703,0
84711,0
84713,0
84717,0
84719,0
84720,0
84722,0
84723,0
84724,0
84725,0
84731,0
84734,0
84735,0
84737,0
84738,0
84743,0
84745,0
84746,0
84747,0
84750,0
84751,0
84752,0
84755,0
84760,0
84761,0
84767,0
84769,0
84770,0
84771,0
84773,0
84774,0
84775,0
84776,0
84777,0
84781,0
84782,0
84783,0
84786,0
84788,0
84790,0
84792,0
84794,0
84796,0
84798,0
84800,0
84801,0
84802,0
84805,0
84808,0
84810,0
84813,0
84817,0
84819,0
84820,0
84822,0
84826,0
84827,0
84830,0
84835,0
84836,0
84837,0
84838,0
84840,0
84841,0
84845,0
84846,0
84848,0
84849,0
84850,0
84853,0
84855,0
84856,0
84857,0
84858,0
84860,0
84861,0
84862,0
84867,0
84868,0
84869,0
84870,0
84871,0
84872,0
84873,0
84874,0
84875,0
84876,0
84878,0
84879,0
84880,0
84881,0
84882,0
84883,0
84884,0
84887,0
84888,0
84891,0
84892,0
84897,0
84898,0
84899,0
84900,0
84901,0
84902,0
84904,0
84907,0
84910,0
84914,0
84916,0
84920,0
84921,0
84922,0
84923,0
84925,0
84926,0
84929,0
84931,0
84935,0
84936,0
84938,0
84939,0
84940,0
84941,0
84942,0
84947,0
84950,0
84951,0
84956,0
84957,0
84959,0
84961,0
84963,0
84964,0
84967,0
84969,0
84974,0
84975,0
84976,0
84978,0
84979,0
84981,0
84983,0
84984,0
84989,0
84990,0
84992,0
84995,0
84996,0
84998,0
85002,0
85003,0
85004,0
85005,0
85007,0
85008,0
85009,0
85012,0
85014,0
85015,0
85016,0
85017,0
85019,0
85020,0
85022,0
85023,0
85024,0
85026,0
85031,0
85035,0
85036,0
85037,0
85044,0
85045,0
85046,0
85048,0
85052,0
85054,0
85058,0
85059,0
85060,0
85061,0
85062,0
85065,0
85067,0
85069,0
85070,0
85073,0
85074,0
85075,0
85076,0
85078,0
85084,0
85086,0
85087,0
85091,0
85094,0
85096,0
85098,0
85099,0
85102,0
85104,0
85106,0
85111,0
85112,0
85113,0
85117,0
85118,0
85120,0
85124,0
85125,0
85128,0
85129,0
85130,0
85135,0
85136,0
85137,0
85138,0
85140,0
85142,0
85145,0
85150,0
85151,0
85152,0
85153,0
85155,0
85156,0
85158,0
85162,0
85163,0
85165,0
85170,0
85175,0
85178,0
85182,0
85183,0
85184,0
85186,0
85189,0
85193,0
85194,0
85197,0
85198,0
85200,0
85204,0
85207,0
85209,0
85211,0
85212,0
85216,0
85218,0
85219,0
85221,0
85222,0
85223,0
85224,0
85230,0
85231,0
85232,0
85233,0
85234,0
85235,0
85236,0
85237,0
85238,0
85239,0
85244,0
85245,0
85249,0
85250,0
85253,0
85254,0
85255,0
85257,0
85258,0
85259,0
85260,0
85261,0
85262,0
85266,0
85267,0
85270,0
85271,0
85276,0
85277,0
85279,0
85283,0
85284,0
85286,0
85287,0
85288,0
85289,0
85290,0
85293,0
85296,0
85298,0
85306,0
85309,0
85314,0
85316,0
85320,0
85321,0
85322,0
85325,0
85328,0
85330,0
85333,0
85334,0
85337,0
85341,0
85342,0
85345,0
85346,0
85347,0
85348,0
85349,0
85350,0
85351,0
85352,0
85353,0
85358,0
85359,0
85360,0
85361,0
85364,0
85365,0
85370,0
85371,0
85372,0
85373,0
85375,0
85376,0
85380,0
85383,0
85384,0
85385,0
85386,0
85389,0
85391,0
85392,0
85393,0
85395,0
85396,0
85399,0
85400,0
85407,0
85409,0
85412,0
85413,0
85414,0
85417,0
85418,0
85426,0
85427,0
85428,0
85432,0
85433,0
85438,0
85440,0
85441,0
85442,0
85444,0
85445,0
85451,0
85452,0
85454,0
85457,0
85459,0
85460,0
85465,0
85471,0
85473,0
85475,0
85478,0
85480,0
85482,0
85486,0
85487,0
85490,0
85491,0
85493,0
85494,0
85495,0
85496,0
85498,0
85505,0
85506,0
85507,0
85510,0
85511,0
85512,0
85517,0
85518,0
85519,0
85521,0
85522,0
85523,0
85524,0
85527,0
85529,0
85532,0
85535,0
85536,0
85537,0
85538,0
85541,0
85544,0
85545,0
85548,0
85551,0
85552,0
85553,0
85554,0
85555,0
85556,0
85558,0
85559,0
85560,0
85561,0
85562,0
85567,0
85569,0
85573,0
85575,0
85577,0
85578,0
85579,0
85580,0
85583,0
85587,0
85592,0
85593,0
85594,0
85595,0
85596,0
85598,0
85600,0
85602,0
85611,0
85614,0
85615,0
85616,0
85621,0
85623,0
85624,0
85625,0
85626,0
85627,0
85628,0
85630,0
85631,0
85633,0
85634,0
85641,0
85642,0
85644,0
85647,0
85649,0
85651,0
85652,0
85655,0
85656,0
85661,0
85664,0
85665,0
85666,0
85667,0
85669,0
85670,0
85672,0
85676,0
85679,0
85680,0
85681,0
85683,0
85686,0
85689,0
85690,0
85691,0
85692,0
85694,0
85695,0
85703,0
85705,0
85706,0
85707,0
85710,0
85711,0
85713,0
85714,0
85720,0
85722,0
85724,0
85726,0
85728,0
85731,0
85732,0
85733,0
85736,0
85737,0
85739,0
85740,0
85743,0
85744,0
85747,0
85750,0
85751,0
85753,0
85755,0
85757,0
85758,0
85760,0
85766,0
85767,0
85768,0
85770,0
85773,0
85774,0
85778,0
85779,0
85780,0
85783,0
85785,0
85788,0
85789,0
85790,0
85791,0
85792,0
85794,0
85797,0
85798,0
85799,0
85802,0
85805,0
85806,0
85807,0
85810,0
85811,0
85816,0
85818,0
85819,0
85820,0
85822,0
85823,0
85824,0
85825,0
85826,0
85832,0
85833,0
85836,0
85837,0
85839,0
85840,0
85841,0
85842,0
85843,0
85844,0
85847,0
85848,0
85849,0
85853,0
85855,0
85858,0
85859,0
85861,0
85865,0
85869,0
85871,0
85874,0
85875,0
85876,0
85877,0
85878,0
85879,0
85880,0
85881,0
85882,0
85884,0
85886,0
85887,0
85888,0
85889,0
85890,0
85891,0
85892,0
85893,0
85894,0
85896,0
85898,0
85900,0
85901,0
85903,0
85906,0
85914,0
85915,0
85916,0
85918,0
85919,0
85920,0
85921,0
85923,0
85926,0
85927,0
85928,0
85929,0
85930,0
85931,0
85932,0
85933,0
85934,0
85939,0
85940,0
85941,0
85945,0
85948,0
85951,0
85956,0
85957,0
85958,0
85959,0
85961,0
85963,0
85967,0
85968,0
85971,0
85972,0
85973,0
85974,0
85975,0
85976,0
85977,0
85978,0
85982,0
85983,0
85985,0
85988,0
85989,0
85990,0
85991,0
85996,0
85997,0
86000,0
86001,0
86002,0
86003,0
86004,0
86006,0
86008,0
86009,0
86010,0
86013,0
86018,0
86019,0
86021,0
86024,0
86025,0
86027,0
86028,0
86030,0
86031,0
86037,0
86038,0
86040,0
86042,0
86043,0
86053,0
86054,0
86055,0
86056,0
86057,0
86061,0
86062,0
86065,0
86071,0
86074,0
86076,0
86077,0
86078,0
86081,0
86082,0
86083,0
86084,0
86088,0
86093,0
86095,0
86098,0
86099,0
86101,0
86102,0
86103,0
86106,0
86107,0
86113,0
86114,0
86120,0
86121,0
86123,0
86125,0
86128,0
86130,0
86131,0
86133,0
86135,0
86139,0
86143,0
86145,0
86149,0
86150,0
86153,0
86154,0
86155,0
86156,0
86157,0
86159,0
86160,0
86161,0
86162,0
86166,0
86168,0
86169,0
86171,0
86172,0
86174,0
86175,0
86182,0
86183,0
86186,0
86188,0
86189,0
86194,0
86195,0
86198,0
86199,0
86200,0
86201,0
86202,0
86204,0
86205,0
86206,0
86207,0
86209,0
86212,0
86215,0
86218,0
86220,0
86225,0
86226,0
86229,0
86230,0
86232,0
86233,0
86234,0
86236,0
86237,0
86238,0
86244,0
86245,0
86246,0
86247,0
86249,0
86250,0
86252,0
86253,0
86257,0
86258,0
86259,0
86262,0
86264,0
86265,0
86266,0
86267,0
86269,0
86271,0
86274,0
86275,0
86277,0
86280,0
86282,0
86284,0
86286,0
86287,0
86288,0
86289,0
86291,0
86293,0
86295,0
86296,0
86297,0
86298,0
86300,0
86302,0
86303,0
86304,0
86308,0
86310,0
86312,0
86314,0
86316,0
86317,0
86319,0
86320,0
86321,0
86322,0
86323,0
86324,0
86325,0
86326,0
86327,0
86329,0
86333,0
86335,0
86336,0
86340,0
86345,0
86350,0
86355,0
86358,0
86359,0
86362,0
86363,0
86364,0
86365,0
86368,0
86369,0
86371,0
86372,0
86375,0
86379,0
86380,0
86381,0
86382,0
86383,0
86384,0
86387,0
86390,0
86391,0
86392,0
86395,0
86397,0
86398,0
86399,0
86400,0
86401,0
86403,0
86405,0
86408,0
86409,0
86410,0
86415,0
86420,0
86425,0
86429,0
86432,0
86433,0
86436,0
86437,0
86438,0
86440,0
86447,0
86448,0
86450,0
86452,0
86453,0
86455,0
86456,0
86457,0
86460,0
86462,0
86464,0
86465,0
86467,0
86468,0
86470,0
86472,0
86473,0
86475,0
86476,0
86477,0
86481,0
86482,0
86483,0
86484,0
86489,0
86491,0
86492,0
86495,0
86497,0
86498,0
86499,0
86505,0
86506,0
86507,0
86508,0
86511,0
86513,0
86517,0
86519,0
86526,0
86528,0
86532,0
86534,0
86535,0
86537,0
86538,0
86540,0
86545,0
86547,0
86549,0
86551,0
86552,0
86553,0
86555,0
86556,0
86558,0
86559,0
86560,0
86562,0
86563,0
86565,0
86569,0
86570,0
86574,0
86575,0
86578,0
86579,0
86580,0
86581,0
86584,0
86585,0
86590,0
86592,0
86594,0
86596,0
86598,0
86600,0
86603,0
86604,0
86605,0
86606,0
86607,0
86608,0
86609,0
86610,0
86615,0
86617,0
86618,0
86621,0
86622,0
86623,0
86624,0
86627,0
86628,0
86629,0
86630,0
86635,0
86639,0
86641,0
86642,0
86644,0
86645,0
86647,0
86652,0
86656,0
86659,0
86660,0
86661,0
86662,0
86668,0
86669,0
86670,0
86671,0
86673,0
86674,0
86678,0
86680,0
86681,0
86682,0
86686,0
86687,0
86688,0
86690,0
86691,0
86694,0
86695,0
86697,0
86699,0
86700,0
86704,0
86707,0
86708,0
86710,0
86712,0
86713,0
86715,0
86716,0
86717,0
86718,0
86719,0
86721,0
86722,0
86724,0
86726,0
86728,0
86730,0
86731,0
86734,0
86735,0
86736,0
86740,0
86742,0
86750,0
86751,0
86752,0
86753,0
86755,0
86756,0
86757,0
86758,0
86764,0
86766,0
86768,0
86771,0
86773,0
86774,0
86776,0
86782,0
86783,0
86784,0
86787,0
86789,0
86790,0
86792,0
86796,0
86800,0
86805,0
86806,0
86807,0
86808,0
86809,0
86811,0
86812,0
86817,0
86818,0
86819,0
86820,0
86821,0
86822,0
86824,0
86825,0
86827,0
86828,0
86830,0
86832,0
86838,0
86841,0
86842,0
86845,0
86849,0
86850,0
86852,0
86854,0
86855,0
86860,0
86861,0
86864,0
86865,0
86867,0
86868,0
86870,0
86871,0
86874,0
86876,0
86877,0
86879,0
86880,0
86881,0
86884,0
86885,0
86890,0
86891,0
86893,0
86896,0
86898,0
86899,0
86900,0
86901,0
86904,0
86905,0
86906,0
86908,0
86909,0
86911,0
86913,0
86914,0
86916,0
86918,0
86924,0
86927,0
86929,0
86931,0
86933,0
86935,0
86936,0
86940,0
86942,0
86943,0
86944,0
86945,0
86947,0
86948,0
86949,0
86950,0
86951,0
86952,0
86954,0
86957,0
86960,0
86961,0
86962,0
86964,0
86966,0
86967,0
86971,0
86974,0
86975,0
86977,0
86978,0
86981,0
86982,0
86984,0
86986,0
86987,0
86991,0
86995,0
87003,0
87004,0
87005,0
87006,0
87007,0
87008,0
87013,0
87014,0
87016,0
87017,0
87018,0
87019,0
87024,0
87026,0
87029,0
87030,0
87031,0
87033,0
87034,0
87036,0
87037,0
87038,0
87041,0
87043,0
87047,0
87049,0
87052,0
87055,0
87059,0
87060,0
87063,0
87068,0
87069,0
87072,0
87074,0
87076,0
87077,0
87080,0
87083,0
87085,0
87088,0
87092,0
87093,0
87094,0
87095,0
87097,0
87099,0
87101,0
87103,0
87104,0
87105,0
87106,0
87109,0
87110,0
87116,0
87117,0
87118,0
87121,0
87122,0
87124,0
87125,0
87126,0
87128,0
87130,0
87132,0
87133,0
87137,0
87140,0
87141,0
87143,0
87146,0
87148,0
87150,0
87151,0
87156,0
87160,0
87161,0
87162,0
87163,0
87164,0
87168,0
87169,0
87171,0
87172,0
87176,0
87179,0
87181,0
87182,0
87187,0
87189,0
87191,0
87197,0
87200,0
87205,0
87207,0
87208,0
87210,0
87212,0
87217,0
87218,0
87219,0
87220,0
87221,0
87222,0
87224,0
87227,0
87228,0
87229,0
87232,0
87234,0
87235,0
87236,0
87237,0
87238,0
87239,0
87240,0
87241,0
87242,0
87243,0
87244,0
87245,0
87246,0
87248,0
87251,0
87256,0
87257,0
87258,0
87259,0
87260,0
87267,0
87269,0
87270,0
87271,0
87272,0
87273,0
87276,0
87277,0
87279,0
87280,0
87282,0
87285,0
87286,0
87287,0
87288,0
87289,0
87293,0
87294,0
87295,0
87296,0
87298,0
87300,0
87301,0
87305,0
87308,0
87312,0
87313,0
87314,0
87315,0
87316,0
87318,0
87320,0
87323,0
87324,0
87325,0
87326,0
87327,0
87329,0
87330,0
87331,0
87332,0
87335,0
87336,0
87337,0
87338,0
87342,0
87343,0
87344,0
87347,0
87348,0
87349,0
87352,0
87353,0
87355,0
87356,0
87357,0
87359,0
87360,0
87363,0
87365,0
87369,0
87370,0
87371,0
87372,0
87373,0
87376,0
87378,0
87379,0
87381,0
87382,0
87383,0
87384,0
87385,0
87387,0
87390,0
87393,0
87394,0
87395,0
87397,0
87399,0
87400,0
87401,0
87402,0
87404,0
87405,0
87407,0
87408,0
87409,0
87414,0
87415,0
87417,0
87418,0
87419,0
87422,0
87426,0
87427,0
87428,0
87429,0
87430,0
87432,0
87433,0
87435,0
87437,0
87441,0
87442,0
87443,0
87444,0
87450,0
87452,0
87456,0
87457,0
87458,0
87459,0
87464,0
87465,0
87466,0
87469,0
87470,0
87478,0
87479,0
87480,0
87482,0
87484,0
87485,0
87490,0
87492,0
87493,0
87494,0
87498,0
87499,0
87501,0
87503,0
87504,0
87506,0
87507,0
87509,0
87510,0
87511,0
87512,0
87516,0
87518,0
87520,0
87521,0
87524,0
87525,0
87528,0
87529,0
87531,0
87533,0
87534,0
87536,0
87539,0
87544,0
87558,0
87560,0
87561,0
87564,0
87569,0
87570,0
87573,0
87574,0
87576,0
87578,0
87579,0
87580,0
87581,0
87583,0
87584,0
87586,0
87587,0
87588,0
87590,0
87592,0
87593,0
87595,0
87599,0
87600,0
87601,0
87603,0
87604,0
87605,0
87611,0
87614,0
87615,0
87623,0
87624,0
87626,0
87627,0
87631,0
87632,0
87634,0
87636,0
87638,0
87639,0
87640,0
87641,0
87644,0
87645,0
87646,0
87649,0
87651,0
87655,0
87658,0
87661,0
87663,0
87664,0
87665,0
87669,0
87670,0
87671,0
87672,0
87676,0
87677,0
87682,0
87684,0
87688,0
87689,0
87690,0
87692,0
87693,0
87694,0
87697,0
87699,0
87701,0
87702,0
87705,0
87707,0
87712,0
87713,0
87714,0
87716,0
87717,0
87718,0
87719,0
87720,0
87722,0
87724,0
87730,0
87733,0
87736,0
87742,0
87743,0
87744,0
87746,0
87747,0
87748,0
87750,0
87753,0
87754,0
87755,0
87758,0
87760,0
87761,0
87762,0
87764,0
87765,0
87766,0
87767,0
87769,0
87771,0
87772,0
87777,0
87778,0
87779,0
87783,0
87785,0
87786,0
87789,0
87790,0
87791,0
87796,0
87798,0
87799,0
87800,0
87801,0
87802,0
87803,0
87804,0
87806,0
87807,0
87808,0
87810,0
87813,0
87822,0
87823,0
87826,0
87828,0
87830,0
87831,0
87832,0
87835,0
87836,0
87838,0
87839,0
87840,0
87842,0
87844,0
87846,0
87847,0
87848,0
87849,0
87851,0
87853,0
87854,0
87858,0
87859,0
87860,0
87863,0
87864,0
87865,0
87868,0
87869,0
87871,0
87872,0
87874,0
87877,0
87883,0
87884,0
87889,0
87891,0
87894,0
87898,0
87900,0
87901,0
87905,0
87906,0
87911,0
87913,0
87915,0
87916,0
87921,0
87922,0
87930,0
87931,0
87933,0
87935,0
87937,0
87938,0
87939,0
87943,0
87944,0
87945,0
87947,0
87948,0
87955,0
87956,0
87960,0
87964,0
87966,0
87968,0
87969,0
87970,0
87972,0
87973,0
87974,0
87975,0
87979,0
87980,0
87981,0
87982,0
87984,0
87990,0
87992,0
87993,0
87995,0
87996,0
87998,0
88002,0
88003,0
88004,0
88006,0
88008,0
88010,0
88011,0
88013,0
88017,0
88018,0
88020,0
88025,0
88026,0
88028,0
88031,0
88032,0
88033,0
88034,0
88036,0
88037,0
88039,0
88041,0
88042,0
88043,0
88044,0
88046,0
88048,0
88049,0
88050,0
88051,0
88052,0
88056,0
88057,0
88058,0
88062,0
88063,0
88064,0
88065,0
88066,0
88067,0
88068,0
88070,0
88074,0
88075,0
88076,0
88078,0
88082,0
88083,0
88084,0
88085,0
88088,0
88089,0
88090,0
88092,0
88093,0
88097,0
88098,0
88099,0
88101,0
88103,0
88104,0
88105,0
88106,0
88110,0
88112,0
88114,0
88115,0
88116,0
88117,0
88120,0
88121,0
88124,0
88125,0
88126,0
88130,0
88133,0
88135,0
88137,0
88140,0
88142,0
88144,0
88145,0
88148,0
88153,0
88155,0
88156,0
88158,0
88159,0
88164,0
88166,0
88167,0
88169,0
88172,0
88173,0
88174,0
88175,0
88176,0
88177,0
88178,0
88179,0
88181,0
88182,0
88183,0
88185,0
88186,0
88190,0
88192,0
88193,0
88197,0
88200,0
88201,0
88204,0
88205,0
88206,0
88208,0
88210,0
88214,0
88215,0
88216,0
88218,0
88221,0
88225,0
88228,0
88229,0
88230,0
88232,0
88235,0
88236,0
88237,0
88238,0
88239,0
88240,0
88241,0
88242,0
88247,0
88252,0
88253,0
88257,0
88258,0
88259,0
88261,0
88264,0
88266,0
88268,0
88272,0
88274,0
88276,0
88277,0
88278,0
88281,0
88282,0
88285,0
88286,0
88287,0
88288,0
88291,0
88292,0
88294,0
88295,0
88296,0
88299,0
88302,0
88305,0
88310,0
88313,0
88317,0
88318,0
88319,0
88322,0
88323,0
88324,0
88326,0
88329,0
88330,0
88331,0
88332,0
88334,0
88336,0
88337,0
88338,0
88341,0
88343,0
88352,0
88355,0
88358,0
88361,0
88364,0
88369,0
88370,0
88372,0
88373,0
88374,0
88375,0
88376,0
88378,0
88380,0
88384,0
88385,0
88387,0
88388,0
88391,0
88392,0
88393,0
88396,0
88401,0
88402,0
88404,0
88409,0
88411,0
88414,0
88418,0
88420,0
88424,0
88425,0
88426,0
88427,0
88428,0
88429,0
88430,0
88432,0
88436,0
88438,0
88443,0
88444,0
88445,0
88449,0
88451,0
88454,0
88457,0
88460,0
88461,0
88462,0
88465,0
88466,0
88472,0
88473,0
88477,0
88487,0
88488,0
88491,0
88493,0
88494,0
88495,0
88496,0
88498,0
88500,0
88502,0
88503,0
88507,0
88508,0
88510,0
88512,0
88513,0
88515,0
88516,0
88517,0
88518,0
88519,0
88522,0
88524,0
88525,0
88526,0
88528,0
88533,0
88534,0
88535,0
88537,0
88538,0
88539,0
88540,0
88541,0
88546,0
88547,0
88549,0
88551,0
88555,0
88557,0
88559,0
88561,0
88562,0
88569,0
88570,0
88572,0
88576,0
88578,0
88579,0
88582,0
88584,0
88585,0
88586,0
88587,0
88588,0
88591,0
88593,0
88598,0
88600,0
88601,0
88604,0
88608,0
88612,0
88616,0
88618,0
88622,0
88626,0
88631,0
88634,0
88635,0
88636,0
88638,0
88639,0
88640,0
88642,0
88644,0
88646,0
88647,0
88651,0
88652,0
88653,0
88654,0
88655,0
88657,0
88658,0
88659,0
88661,0
88662,0
88663,0
88664,0
88667,0
88668,0
88669,0
88671,0
88672,0
88676,0
88677,0
88678,0
88681,0
88683,0
88687,0
88691,0
88693,0
88695,0
88696,0
88697,0
88698,0
88699,0
88700,0
88701,0
88702,0
88703,0
88704,0
88705,0
88706,0
88708,0
88711,0
88712,0
88713,0
88719,0
88723,0
88725,0
88726,0
88733,0
88734,0
88735,0
88736,0
88737,0
88738,0
88739,0
88740,0
88750,0
88751,0
88754,0
88755,0
88757,0
88759,0
88762,0
88766,0
88769,0
88770,0
88773,0
88774,0
88775,0
88778,0
88781,0
88783,0
88784,0
88786,0
88787,0
88793,0
88794,0
88797,0
88799,0
88801,0
88803,0
88811,0
88813,0
88816,0
88819,0
88820,0
88821,0
88822,0
88823,0
88824,0
88825,0
88826,0
88827,0
88831,0
88832,0
88833,0
88834,0
88836,0
88838,0
88839,0
88840,0
88842,0
88843,0
88844,0
88845,0
88848,0
88849,0
88851,0
88853,0
88854,0
88855,0
88860,0
88861,0
88864,0
88865,0
88866,0
88868,0
88876,0
88877,0
88878,0
88881,0
88882,0
88885,0
88886,0
88889,0
88893,0
88899,0
88902,0
88903,0
88904,0
88907,0
88912,0
88913,0
88916,0
88918,0
88919,0
88920,0
88921,0
88923,0
88924,0
88925,0
88926,0
88927,0
88929,0
88930,0
88931,0
88933,0
88937,0
88938,0
88940,0
88942,0
88947,0
88948,0
88949,0
88953,0
88954,0
88955,0
88957,0
88959,0
88960,0
88962,0
88963,0
88964,0
88966,0
88967,0
88969,0
88970,0
88972,0
88973,0
88975,0
88977,0
88978,0
88980,0
88981,0
88982,0
88984,0
88987,0
88988,0
88990,0
88991,0
88993,0
88995,0
88997,0
88998,0
88999,0
89000,0
89001,0
89005,0
89007,0
89008,0
89009,0
89010,0
89012,0
89013,0
89016,0
89020,0
89021,0
89022,0
89023,0
89027,0
89029,0
89030,0
89031,0
89032,0
89035,0
89036,0
89041,0
89044,0
89046,0
89047,0
89049,0
89050,0
89051,0
89052,0
89056,0
89057,0
89058,0
89062,0
89064,0
89069,0
89070,0
89075,0
89076,0
89079,0
89080,0
89089,0
89090,0
89093,0
89094,0
89095,0
89097,0
89101,0
89106,0
89107,0
89108,0
89109,0
89110,0
89113,0
89114,0
89115,0
89117,0
89121,0
89123,0
89125,0
89127,0
89128,0
89130,0
89131,0
89134,0
89135,0
89136,0
89137,0
89138,0
89140,0
89141,0
89144,0
89145,0
89146,0
89147,0
89148,0
89150,0
89152,0
89153,0
89155,0
89158,0
89159,0
89163,0
89164,0
89165,0
89168,0
89169,0
89175,0
89179,0
89181,0
89182,0
89184,0
89187,0
89188,0
89192,0
89194,0
89195,0
89196,0
89200,0
89201,0
89202,0
89203,0
89204,0
89205,0
89206,0
89209,0
89210,0
89211,0
89213,0
89215,0
89219,0
89221,0
89225,0
89228,0
89231,0
89235,0
89237,0
89238,0
89241,0
89242,0
89244,0
89245,0
89249,0
89250,0
89253,0
89256,0
89257,0
89260,0
89261,0
89268,0
89269,0
89270,0
89271,0
89273,0
89274,0
89277,0
89278,0
89279,0
89280,0
89282,0
89287,0
89288,0
89289,0
89290,0
89291,0
89293,0
89295,0
89296,0
89304,0
89306,0
89307,0
89310,0
89313,0
89314,0
89316,0
89317,0
89319,0
89322,0
89327,0
89328,0
89331,0
89332,0
89334,0
89337,0
89341,0
89342,0
89346,0
89347,0
89349,0
89352,0
89353,0
89357,0
89358,0
89359,0
89360,0
89361,0
89362,0
89364,0
89367,0
89372,0
89373,0
89374,0
89375,0
89377,0
89379,0
89380,0
89381,0
89384,0
89386,0
89388,0
89395,0
89399,0
89401,0
89403,0
89404,0
89405,0
89407,0
89408,0
89409,0
89410,0
89411,0
89412,0
89414,0
89415,0
89416,0
89419,0
89420,0
89423,0
89424,0
89425,0
89430,0
89431,0
89433,0
89434,0
89435,0
89438,0
89439,0
89440,0
89442,0
89443,0
89448,0
89449,0
89451,0
89454,0
89455,0
89457,0
89460,0
89461,0
89462,0
89466,0
89470,0
89471,0
89472,0
89475,0
89476,0
89479,0
89480,0
89481,0
89482,0
89485,0
89486,0
89489,0
89490,0
89492,0
89494,0
89495,0
89496,0
89499,0
89501,0
89502,0
89503,0
89509,0
89510,0
89511,0
89514,0
89515,0
89516,0
89517,0
89519,0
89522,0
89525,0
89526,0
89527,0
89528,0
89531,0
89532,0
89534,0
89539,0
89541,0
89545,0
89546,0
89547,0
89549,0
89550,0
89556,0
89559,0
89560,0
89561,0
89562,0
89564,0
89565,0
89567,0
89568,0
89571,0
89573,0
89574,0
89578,0
89579,0
89581,0
89582,0
89586,0
89588,0
89589,0
89590,0
89592,0
89593,0
89596,0
89597,0
89598,0
89599,0
89600,0
89604,0
89606,0
89607,0
89609,0
89610,0
89611,0
89613,0
89614,0
89615,0
89620,0
89624,0
89626,0
89627,0
89628,0
89629,0
89630,0
89632,0
89634,0
89636,0
89639,0
89641,0
89642,0
89645,0
89646,0
89649,0
89650,0
89652,0
89653,0
89657,0
89658,0
89659,0
89662,0
89663,0
89664,0
89665,0
89668,0
89669,0
89670,0
89673,0
89674,0
89677,0
89678,0
89681,0
89682,0
89684,0
89685,0
89687,0
89688,0
89690,0
89691,0
89694,0
89695,0
89697,0
89699,0
89701,0
89703,0
89705,0
89706,0
89708,0
89713,0
89716,0
89720,0
89722,0
89723,0
89726,0
89727,0
89729,0
89730,0
89732,0
89734,0
89735,0
89737,0
89738,0
89739,0
89742,0
89745,0
89747,0
89749,0
89755,0
89758,0
89759,0
89761,0
89762,0
89763,0
89764,0
89766,0
89767,0
89772,0
89774,0
89776,0
89777,0
89779,0
89780,0
89781,0
89783,0
89784,0
89787,0
89788,0
89789,0
89790,0
89791,0
89792,0
89793,0
89794,0
89799,0
89800,0
89802,0
89807,0
89808,0
89809,0
89811,0
89813,0
89816,0
89817,0
89818,0
89819,0
89820,0
89823,0
89824,0
89826,0
89827,0
89828,0
89831,0
89832,0
89835,0
89838,0
89839,0
89842,0
89844,0
89845,0
89848,0
89850,0
89851,0
89852,0
89853,0
89854,0
89858,0
89859,0
89861,0
89863,0
89864,0
89866,0
89868,0
89869,0
89871,0
89874,0
89881,0
89882,0
89883,0
89886,0
89887,0
89888,0
89889,0
89890,0
89892,0
89896,0
89897,0
89898,0
89900,0
89901,0
89902,0
89903,0
89905,0
89907,0
89914,0
89915,0
89916,0
89917,0
89918,0
89922,0
89923,0
89924,0
89925,0
89928,0
89929,0
89931,0
89932,0
89934,0
89935,0
89936,0
89939,0
89940,0
89942,0
89943,0
89945,0
89946,0
89947,0
89950,0
89951,0
89953,0
89956,0
89957,0
89961,0
89962,0
89968,0
89970,0
89971,0
89972,0
89974,0
89975,0
89976,0
89981,0
89982,0
89983,0
89984,0
89986,0
89987,0
89989,0
89990,0
89992,0
89994,0
89999,0
90003,0
90004,0
90005,0
90006,0
90012,0
90017,0
90020,0
90022,0
90025,0
90027,0
90028,0
90030,0
90032,0
90034,0
90035,0
90037,0
90038,0
90040,0
90041,0
90043,0
90044,0
90047,0
90048,0
90049,0
90059,0
90060,0
90061,0
90063,0
90066,0
90069,0
90074,0
90076,0
90079,0
90080,0
90082,0
90083,0
90085,0
90086,0
90087,0
90088,0
90089,0
90090,0
90094,0
90096,0
90098,0
90099,0
90100,0
90103,0
90104,0
90105,0
90107,0
90108,0
90110,0
90116,0
90117,0
90120,0
90121,0
90122,0
90123,0
90124,0
90125,0
90129,0
90130,0
90131,0
90134,0
90135,0
90137,0
90138,0
90148,0
90149,0
90151,0
90152,0
90154,0
90156,0
90157,0
90158,0
90160,0
90162,0
90163,0
90164,0
90165,0
90166,0
90168,0
90169,0
90172,0
90174,0
90176,0
90177,0
90181,0
90182,0
90183,0
90185,0
90187,0
90189,0
90190,0
90193,0
90194,0
90195,0
90196,0
90198,0
90199,0
90200,0
90203,0
90204,0
90208,0
90209,0
90211,0
90213,0
90217,0
90220,0
90221,0
90222,0
90223,0
90224,0
90225,0
90226,0
90229,0
90230,0
90234,0
90237,0
90238,0
90239,0
90240,0
90241,0
90242,0
90243,0
90244,0
90245,0
90249,0
90251,0
90255,0
90256,0
90259,0
90260,0
90262,0
90264,0
90266,0
90269,0
90277,0
90279,0
90280,0
90281,0
90282,0
90283,0
90285,0
90288,0
90290,0
90293,0
90294,0
90295,0
90296,0
90298,0
90299,0
90304,0
90307,0
90309,0
90310,0
90313,0
90315,0
90318,0
90319,0
90321,0
90324,0
90325,0
90329,0
90331,0
90332,0
90333,0
90335,0
90336,0
90354,0
90355,0
90356,0
90357,0
90362,0
90363,0
90364,0
90365,0
90366,0
90368,0
90370,0
90371,0
90372,0
90374,0
90376,0
90377,0
90380,0
90382,0
90383,0
90384,0
90385,0
90387,0
90389,0
90390,0
90391,0
90393,0
90395,0
90398,0
90401,0
90405,0
90406,0
90407,0
90410,0
90411,0
90412,0
90413,0
90416,0
90417,0
90420,0
90423,0
90427,0
90428,0
90430,0
90434,0
90435,0
90437,0
90444,0
90445,0
90446,0
90448,0
90449,0
90452,0
90453,0
90454,0
90456,0
90457,0
90458,0
90461,0
90464,0
90465,0
90466,0
90468,0
90469,0
90473,0
90474,0
90475,0
90476,0
90479,0
90480,0
90481,0
90482,0
90483,0
90485,0
90486,0
90487,0
90491,0
90493,0
90494,0
90495,0
90497,0
90498,0
90499,0
90502,0
90505,0
90506,0
90509,0
90510,0
90513,0
90514,0
90515,0
90516,0
90518,0
90519,0
90521,0
90523,0
90525,0
90526,0
90532,0
90534,0
90537,0
90538,0
90539,0
90542,0
90543,0
90544,0
90546,0
90551,0
90555,0
90557,0
90559,0
90565,0
90567,0
90569,0
90570,0
90572,0
90573,0
90576,0
90577,0
90579,0
90580,0
90586,0
90587,0
90589,0
90592,0
90593,0
90598,0
90603,0
90604,0
90605,0
90606,0
90607,0
90608,0
90609,0
90611,0
90612,0
90614,0
90615,0
90617,0
90618,0
90621,0
90624,0
90625,0
90626,0
90627,0
90628,0
90629,0
90630,0
90632,0
90633,0
90634,0
90636,0
90637,0
90638,0
90641,0
90643,0
90644,0
90647,0
90648,0
90649,0
90650,0
90651,0
90653,0
90654,0
90656,0
90657,0
90659,0
90664,0
90665,0
90670,0
90671,0
90673,0
90675,0
90676,0
90680,0
90688,0
90690,0
90693,0
90698,0
90699,0
90701,0
90705,0
90706,0
90708,0
90709,0
90710,0
90713,0
90714,0
90715,0
90716,0
90717,0
90718,0
90721,0
90724,0
90726,0
90728,0
90731,0
90732,0
90733,0
90736,0
90737,0
90740,0
90742,0
90746,0
90749,0
90751,0
90752,0
90753,0
90755,0
90756,0
90757,0
90758,0
90759,0
90764,0
90765,0
90767,0
90768,0
90769,0
90770,0
90771,0
90774,0
90778,0
90779,0
90781,0
90782,0
90783,0
90784,0
90785,0
90786,0
90789,0
90790,0
90791,0
90794,0
90795,0
90797,0
90798,0
90800,0
90803,0
90805,0
90806,0
90807,0
90809,0
90811,0
90812,0
90818,0
90820,0
90822,0
90823,0
90824,0
90825,0
90826,0
90828,0
90829,0
90832,0
90833,0
90836,0
90838,0
90839,0
90841,0
90849,0
90850,0
90851,0
90853,0
90856,0
90858,0
90861,0
90862,0
90863,0
90864,0
90867,0
90868,0
90870,0
90871,0
90872,0
90873,0
90874,0
90877,0
90878,0
90879,0
90880,0
90882,0
90884,0
90888,0
90890,0
90892,0
90893,0
90894,0
90895,0
90896,0
90900,0
90902,0
90903,0
90904,0
90905,0
90910,0
90911,0
90914,0
90916,0
90918,0
90919,0
90921,0
90923,0
90925,0
90928,0
90929,0
90930,0
90931,0
90933,0
90934,0
90935,0
90936,0
90940,0
90942,0
90943,0
90944,0
90945,0
90946,0
90948,0
90949,0
90951,0
90953,0
90954,0
90956,0
90963,0
90966,0
90969,0
90970,0
90975,0
90976,0
90978,0
90983,0
90984,0
90985,0
90986,0
90987,0
90989,0
90991,0
90993,0
90995,0
90996,0
90997,0
91001,0
91003,0
91004,0
91005,0
91008,0
91009,0
91011,0
91013,0
91014,0
91016,0
91018,0
91019,0
91020,0
91022,0
91023,0
91027,0
91028,0
91030,0
91033,0
91035,0
91039,0
91041,0
91042,0
91043,0
91046,0
91048,0
91051,0
91053,0
91058,0
91062,0
91065,0
91067,0
91071,0
91072,0
91073,0
91074,0
91076,0
91080,0
91085,0
91089,0
91090,0
91094,0
91096,0
91100,0
91101,0
91102,0
91103,0
91104,0
91106,0
91109,0
91110,0
91113,0
91118,0
91120,0
91123,0
91124,0
91125,0
91129,0
91130,0
91131,0
91132,0
91133,0
91135,0
91136,0
91137,0
91138,0
91139,0
91140,0
91143,0
91144,0
91145,0
91146,0
91147,0
91150,0
91154,0
91158,0
91161,0
91162,0
91163,0
91164,0
91166,0
91167,0
91168,0
91169,0
91170,0
91171,0
91172,0
91173,0
91174,0
91177,0
91178,0
91179,0
91180,0
91181,0
91182,0
91185,0
91186,0
91192,0
91193,0
91194,0
91197,0
91198,0
91207,0
91208,0
91209,0
91210,0
91211,0
91212,0
91214,0
91215,0
91216,0
91217,0
91218,0
91220,0
91222,0
91223,0
91225,0
91233,0
91236,0
91237,0
91240,0
91245,0
91246,0
91249,0
91250,0
91253,0
91254,0
91255,0
91259,0
91262,0
91264,0
91265,0
91266,0
91270,0
91271,0
91274,0
91279,0
91280,0
91282,0
91283,0
91284,0
91288,0
91289,0
91292,0
91294,0
91296,0
91299,0
91301,0
91302,0
91303,0
91304,0
91305,0
91306,0
91311,0
91312,0
91313,0
91316,0
91318,0
91321,0
91322,0
91326,0
91328,0
91329,0
91332,0
91333,0
91335,0
91336,0
91337,0
91340,0
91343,0
91344,0
91346,0
91350,0
91351,0
91356,0
91358,0
91359,0
91360,0
91361,0
91364,0
91366,0
91368,0
91370,0
91371,0
91372,0
91374,0
91375,0
91379,0
91380,0
91385,0
91386,0
91388,0
91389,0
91390,0
91391,0
91394,0
91396,0
91397,0
91400,0
91401,0
91402,0
91403,0
91406,0
91412,0
91415,0
91419,0
91422,0
91423,0
91424,0
91425,0
91426,0
91427,0
91429,0
91431,0
91432,0
91434,0
91435,0
91436,0
91438,0
91439,0
91441,0
91444,0
91445,0
91449,0
91450,0
91451,0
91453,0
91454,0
91456,0
91457,0
91458,0
91460,0
91464,0
91465,0
91466,0
91467,0
91468,0
91469,0
91470,0
91471,0
91472,0
91474,0
91475,0
91476,0
91477,0
91478,0
91479,0
91481,0
91485,0
91487,0
91489,0
91490,0
91491,0
91492,0
91494,0
91502,0
91503,0
91504,0
91505,0
91506,0
91507,0
91508,0
91509,0
91510,0
91511,0
91512,0
91515,0
91517,0
91518,0
91519,0
91523,0
91525,0
91526,0
91528,0
91529,0
91530,0
91531,0
91535,0
91536,0
91537,0
91538,0
91539,0
91540,0
91543,0
91545,0
91550,0
91552,0
91553,0
91554,0
91557,0
91559,0
91560,0
91561,0
91564,0
91565,0
91566,0
91568,0
91570,0
91571,0
91572,0
91573,0
91575,0
91582,0
91583,0
91584,0
91585,0
91586,0
91589,0
91591,0
91592,0
91593,0
91594,0
91598,0
91603,0
91608,0
91613,0
91615,0
91616,0
91619,0
91621,0
91622,0
91625,0
91627,0
91631,0
91633,0
91634,0
91637,0
91646,0
91647,0
91648,0
91651,0
91654,0
91655,0
91656,0
91657,0
91661,0
91663,0
91668,0
91670,0
91671,0
91672,0
91674,0
91678,0
91679,0
91680,0
91681,0
91682,0
91683,0
91684,0
91686,0
91687,0
91688,0
91691,0
91694,0
91695,0
91699,0
91701,0
91703,0
91704,0
91707,0
91709,0
91711,0
91712,0
91713,0
91714,0
91715,0
91717,0
91719,0
91722,0
91723,0
91724,0
91726,0
91728,0
91729,0
91730,0
91731,0
91732,0
91740,0
91742,0
91744,0
91745,0
91748,0
91749,0
91750,0
91751,0
91757,0
91758,0
91759,0
91762,0
91763,0
91764,0
91766,0
91771,0
91772,0
91774,0
91775,0
91777,0
91779,0
91781,0
91782,0
91783,0
91786,0
91789,0
91792,0
91794,0
91795,0
91797,0
91798,0
91799,0
91800,0
91802,0
91804,0
91806,0
91808,0
91810,0
91811,0
91818,0
91819,0
91822,0
91823,0
91825,0
91828,0
91829,0
91834,0
91837,0
91838,0
91839,0
91843,0
91844,0
91845,0
91846,0
91848,0
91849,0
91851,0
91852,0
91855,0
91857,0
91863,0
91864,0
91865,0
91866,0
91867,0
91868,0
91870,0
91871,0
91873,0
91874,0
91876,0
91880,0
91881,0
91882,0
91883,0
91884,0
91886,0
91887,0
91888,0
91889,0
91890,0
91891,0
91894,0
91895,0
91898,0
91899,0
91900,0
91902,0
91905,0
91907,0
91908,0
91909,0
91913,0
91914,0
91915,0
91919,0
91921,0
91926,0
91928,0
91929,0
91930,0
91932,0
91933,0
91934,0
91935,0
91936,0
91938,0
91939,0
91944,0
91945,0
91948,0
91953,0
91956,0
91957,0
91958,0
91961,0
91962,0
91965,0
91966,0
91967,0
91970,0
91971,0
91973,0
91974,0
91975,0
91977,0
91979,0
91981,0
91982,0
91983,0
91984,0
91985,0
91987,0
91988,0
91991,0
91992,0
91993,0
91994,0
91997,0
91998,0
92000,0
92001,0
92002,0
92007,0
92013,0
92017,0
92021,0
92023,0
92025,0
92028,0
92032,0
92033,0
92035,0
92038,0
92040,0
92042,0
92044,0
92048,0
92049,0
92056,0
92057,0
92058,0
92059,0
92062,0
92064,0
92066,0
92068,0
92070,0
92073,0
92074,0
92075,0
92077,0
92078,0
92080,0
92081,0
92088,0
92089,0
92090,0
92091,0
92093,0
92094,0
92095,0
92096,0
92097,0
92099,0
92101,0
92106,0
92108,0
92110,0
92116,0
92117,0
92118,0
92122,0
92123,0
92124,0
92125,0
92126,0
92128,0
92131,0
92132,0
92134,0
92137,0
92138,0
92139,0
92140,0
92141,0
92144,0
92145,0
92146,0
92148,0
92151,0
92152,0
92155,0
92156,0
92164,0
92166,0
92167,0
92169,0
92170,0
92172,0
92178,0
92179,0
92181,0
92182,0
92183,0
92184,0
92186,0
92187,0
92189,0
92192,0
92193,0
92196,0
92199,0
92200,0
92201,0
92203,0
92207,0
92208,0
92210,0
92211,0
92213,0
92214,0
92215,0
92218,0
92219,0
92228,0
92229,0
92230,0
92232,0
92236,0
92237,0
92240,0
92243,0
92246,0
92254,0
92255,0
92257,0
92259,0
92261,0
92263,0
92265,0
92267,0
92269,0
92273,0
92274,0
92275,0
92276,0
92279,0
92281,0
92283,0
92286,0
92291,0
92294,0
92295,0
92297,0
92298,0
92301,0
92302,0
92304,0
92307,0
92308,0
92311,0
92312,0
92313,0
92315,0
92316,0
92317,0
92320,0
92321,0
92323,0
92325,0
92326,0
92328,0
92329,0
92333,0
92334,0
92340,0
92341,0
92342,0
92347,0
92348,0
92352,0
92357,0
92360,0
92361,0
92362,0
92363,0
92365,0
92366,0
92367,0
92368,0
92369,0
92370,0
92372,0
92373,0
92374,0
92376,0
92378,0
92379,0
92380,0
92387,0
92388,0
92389,0
92393,0
92394,0
92395,0
92396,0
92397,0
92398,0
92405,0
92406,0
92408,0
92409,0
92411,0
92415,0
92419,0
92421,0
92423,0
92426,0
92427,0
92428,0
92430,0
92431,0
92432,0
92433,0
92434,0
92437,0
92438,0
92439,0
92440,0
92443,0
92449,0
92450,0
92451,0
92452,0
92454,0
92456,0
92457,0
92461,0
92462,0
92463,0
92465,0
92466,0
92467,0
92468,0
92469,0
92472,0
92473,0
92475,0
92476,0
92479,0
92480,0
92482,0
92484,0
92485,0
92487,0
92492,0
92493,0
92494,0
92495,0
92497,0
92498,0
92500,0
92501,0
92505,0
92507,0
92510,0
92512,0
92513,0
92514,0
92516,0
92520,0
92522,0
92523,0
92529,0
92530,0
92534,0
92535,0
92536,0
92537,0
92540,0
92541,0
92544,0
92548,0
92549,0
92552,0
92556,0
92559,0
92561,0
92563,0
92564,0
92567,0
92568,0
92571,0
92573,0
92574,0
92577,0
92578,0
92579,0
92581,0
92582,0
92584,0
92588,0
92589,0
92591,0
92593,0
92594,0
92595,0
92597,0
92598,0
92601,0
92607,0
92608,0
92609,0
92610,0
92611,0
92612,0
92617,0
92619,0
92621,0
92623,0
92624,0
92626,0
92627,0
92629,0
92631,0
92633,0
92634,0
92643,0
92644,0
92645,0
92646,0
92648,0
92649,0
92651,0
92652,0
92653,0
92654,0
92656,0
92659,0
92661,0
92662,0
92664,0
92665,0
92669,0
92670,0
92673,0
92674,0
92675,0
92676,0
92677,0
92680,0
92681,0
92682,0
92683,0
92684,0
92685,0
92687,0
92691,0
92693,0
92694,0
92696,0
92700,0
92704,0
92705,0
92706,0
92708,0
92711,0
92712,0
92713,0
92714,0
92718,0
92719,0
92722,0
92726,0
92729,0
92730,0
92733,0
92735,0
92736,0
92738,0
92739,0
92744,0
92745,0
92747,0
92748,0
92749,0
92750,0
92752,0
92753,0
92755,0
92756,0
92758,0
92759,0
92761,0
92762,0
92763,0
92765,0
92766,0
92768,0
92769,0
92772,0
92779,0
92781,0
92782,0
92785,0
92789,0
92790,0
92792,0
92793,0
92796,0
92798,0
92799,0
92800,0
92803,0
92804,0
92806,0
92807,0
92808,0
92810,0
92811,0
92812,0
92813,0
92815,0
92820,0
92823,0
92824,0
92828,0
92829,0
92832,0
92833,0
92834,0
92835,0
92838,0
92839,0
92840,0
92841,0
92842,0
92844,0
92846,0
92849,0
92850,0
92851,0
92852,0
92855,0
92856,0
92861,0
92862,0
92863,0
92864,0
92865,0
92866,0
92867,0
92868,0
92873,0
92874,0
92875,0
92877,0
92880,0
92882,0
92884,0
92886,0
92889,0
92890,0
92891,0
92893,0
92895,0
92896,0
92899,0
92900,0
92905,0
92906,0
92907,0
92910,0
92911,0
92912,0
92913,0
92914,0
92918,0
92919,0
92920,0
92921,0
92922,0
92924,0
92925,0
92926,0
92932,0
92936,0
92938,0
92939,0
92940,0
92941,0
92942,0
92945,0
92947,0
92948,0
92949,0
92950,0
92952,0
92953,0
92954,0
92958,0
92959,0
92960,0
92961,0
92962,0
92963,0
92964,0
92966,0
92968,0
92969,0
92973,0
92976,0
92977,0
92978,0
92984,0
92985,0
92988,0
92989,0
92991,0
92992,0
92996,0
92998,0
93000,0
93001,0
93003,0
93004,0
93005,0
93006,0
93007,0
93011,0
93016,0
93017,0
93018,0
93019,0
93022,0
93026,0
93029,0
93032,0
93033,0
93035,0
93036,0
93037,0
93038,0
93039,0
93040,0
93041,0
93043,0
93047,0
93050,0
93051,0
93052,0
93055,0
93057,0
93060,0
93061,0
93062,0
93064,0
93066,0
93067,0
93069,0
93071,0
93072,0
93073,0
93078,0
93084,0
93089,0
93091,0
93093,0
93094,0
93095,0
93096,0
93097,0
93102,0
93103,0
93108,0
93110,0
93112,0
93116,0
93117,0
93118,0
93119,0
93120,0
93121,0
93122,0
93123,0
93125,0
93126,0
93127,0
93128,0
93129,0
93131,0
93136,0
93137,0
93138,0
93141,0
93142,0
93143,0
93144,0
93146,0
93147,0
93148,0
93150,0
93151,0
93152,0
93154,0
93155,0
93156,0
93159,0
93163,0
93164,0
93165,0
93167,0
93170,0
93171,0
93175,0
93176,0
93178,0
93179,0
93183,0
93184,0
93187,0
93188,0
93189,0
93195,0
93198,0
93200,0
93203,0
93206,0
93207,0
93208,0
93209,0
93210,0
93214,0
93219,0
93222,0
93223,0
93224,0
93229,0
93235,0
93241,0
93243,0
93249,0
93250,0
93252,0
93253,0
93255,0
93259,0
93260,0
93261,0
93268,0
93271,0
93273,0
93275,0
93277,0
93282,0
93283,0
93284,0
93287,0
93288,0
93289,0
93290,0
93292,0
93293,0
93294,0
93302,0
93305,0
93306,0
93311,0
93312,0
93317,0
93318,0
93319,0
93324,0
93325,0
93326,0
93328,0
93329,0
93330,0
93331,0
93332,0
93336,0
93340,0
93345,0
93346,0
93350,0
93351,0
93352,0
93355,0
93356,0
93357,0
93358,0
93364,0
93365,0
93368,0
93374,0
93377,0
93381,0
93384,0
93386,0
93389,0
93392,0
93393,0
93394,0
93395,0
93397,0
93398,0
93404,0
93407,0
93410,0
93413,0
93414,0
93415,0
93416,0
93419,0
93421,0
93423,0
93425,0
93428,0
93429,0
93431,0
93432,0
93435,0
93436,0
93437,0
93439,0
93441,0
93442,0
93447,0
93449,0
93450,0
93451,0
93453,0
93454,0
93456,0
93459,0
93460,0
93462,0
93466,0
93467,0
93470,0
93471,0
93473,0
93475,0
93476,0
93477,0
93479,0
93480,0
93481,0
93484,0
93485,0
93486,0
93487,0
93490,0
93491,0
93492,0
93495,0
93496,0
93497,0
93498,0
93499,0
93502,0
93504,0
93506,0
93507,0
93508,0
93509,0
93511,0
93513,0
93514,0
93515,0
93517,0
93523,0
93526,0
93528,0
93531,0
93534,0
93536,0
93538,0
93539,0
93540,0
93541,0
93547,0
93548,0
93549,0
93551,0
93553,0
93554,0
93555,0
93557,0
93558,0
93559,0
93561,0
93563,0
93564,0
93565,0
93568,0
93570,0
93572,0
93576,0
93577,0
93579,0
93581,0
93583,0
93584,0
93588,0
93592,0
93593,0
93595,0
93600,0
93606,0
93611,0
93613,0
93614,0
93619,0
93620,0
93622,0
93624,0
93626,0
93630,0
93631,0
93632,0
93635,0
93637,0
93640,0
93644,0
93645,0
93646,0
93649,0
93651,0
93652,0
93653,0
93654,0
93656,0
93658,0
93663,0
93664,0
93665,0
93670,0
93675,0
93676,0
93677,0
93678,0
93679,0
93681,0
93682,0
93684,0
93687,0
93691,0
93692,0
93694,0
93696,0
93697,0
93698,0
93699,0
93701,0
93702,0
93706,0
93710,0
93712,0
93714,0
93715,0
93718,0
93719,0
93725,0
93727,0
93728,0
93730,0
93732,0
93734,0
93736,0
93740,0
93741,0
93742,0
93744,0
93745,0
93746,0
93752,0
93753,0
93756,0
93759,0
93760,0
93763,0
93765,0
93766,0
93767,0
93770,0
93773,0
93775,0
93776,0
93777,0
93786,0
93789,0
93793,0
93794,0
93797,0
93798,0
93799,0
93801,0
93803,0
93806,0
93810,0
93812,0
93815,0
93816,0
93819,0
93821,0
93826,0
93829,0
93831,0
93832,0
93833,0
93834,0
93838,0
93843,0
93844,0
93846,0
93848,0
93851,0
93852,0
93853,0
93855,0
93857,0
93859,0
93860,0
93862,0
93863,0
93870,0
93871,0
93872,0
93873,0
93877,0
93879,0
93884,0
93885,0
93886,0
93889,0
93896,0
93897,0
93899,0
93900,0
93902,0
93905,0
93909,0
93912,0
93913,0
93915,0
93916,0
93919,0
93921,0
93925,0
93926,0
93928,0
93931,0
93932,0
93935,0
93938,0
93939,0
93940,0
93944,0
93945,0
93947,0
93948,0
93951,0
93952,0
93953,0
93954,0
93955,0
93957,0
93958,0
93959,0
93960,0
93963,0
93964,0
93967,0
93968,0
93972,0
93975,0
93978,0
93980,0
93981,0
93983,0
93986,0
93988,0
93989,0
93996,0
93997,0
93998,0
93999,0
94000,0
94001,0
94005,0
94006,0
94013,0
94017,0
94018,0
94019,0
94021,0
94024,0
94025,0
94026,0
94027,0
94028,0
94029,0
94033,0
94034,0
94038,0
94039,0
94044,0
94045,0
94046,0
94047,0
94048,0
94052,0
94053,0
94054,0
94056,0
94061,0
94062,0
94063,0
94064,0
94066,0
94067,0
94071,0
94072,0
94074,0
94075,0
94076,0
94077,0
94078,0
94079,0
94082,0
94084,0
94086,0
94087,0
94088,0
94090,0
94091,0
94092,0
94093,0
94096,0
94099,0
94100,0
94104,0
94108,0
94111,0
94117,0
94121,0
94122,0
94123,0
94127,0
94129,0
94130,0
94131,0
94137,0
94139,0
94141,0
94142,0
94144,0
94145,0
94147,0
94155,0
94156,0
94157,0
94160,0
94161,0
94163,0
94165,0
94167,0
94168,0
94169,0
94170,0
94174,0
94177,0
94178,0
94179,0
94180,0
94186,0
94187,0
94191,0
94193,0
94194,0
94197,0
94198,0
94199,0
94200,0
94206,0
94210,0
94214,0
94215,0
94216,0
94217,0
94221,0
94222,0
94226,0
94231,0
94232,0
94233,0
94234,0
94243,0
94244,0
94246,0
94249,0
94252,0
94253,0
94254,0
94256,0
94257,0
94258,0
94259,0
94261,0
94263,0
94269,0
94270,0
94271,0
94272,0
94273,0
94275,0
94278,0
94279,0
94280,0
94281,0
94283,0
94287,0
94288,0
94289,0
94291,0
94292,0
94293,0
94297,0
94300,0
94301,0
94302,0
94303,0
94305,0
94306,0
94307,0
94308,0
94309,0
94314,0
94316,0
94317,0
94321,0
94323,0
94325,0
94326,0
94327,0
94329,0
94331,0
94333,0
94334,0
94335,0
94336,0
94337,0
94338,0
94339,0
94341,0
94342,0
94343,0
94344,0
94345,0
94346,0
94347,0
94349,0
94352,0
94354,0
94357,0
94359,0
94360,0
94361,0
94362,0
94364,0
94365,0
94367,0
94368,0
94369,0
94372,0
94373,0
94375,0
94376,0
94378,0
94380,0
94382,0
94383,0
94384,0
94385,0
94389,0
94390,0
94392,0
94393,0
94395,0
94398,0
94401,0
94408,0
94409,0
94410,0
94411,0
94416,0
94420,0
94422,0
94423,0
94425,0
94428,0
94432,0
94434,0
94435,0
94439,0
94440,0
94441,0
94444,0
94445,0
94446,0
94447,0
94448,0
94449,0
94450,0
94451,0
94453,0
94454,0
94455,0
94457,0
94458,0
94459,0
94460,0
94461,0
94462,0
94463,0
94465,0
94466,0
94470,0
94474,0
94476,0
94477,0
94479,0
94480,0
94482,0
94490,0
94492,0
94493,0
94499,0
94500,0
94502,0
94503,0
94505,0
94507,0
94508,0
94509,0
94512,0
94514,0
94515,0
94517,0
94519,0
94520,0
94522,0
94526,0
94527,0
94529,0
94531,0
94532,0
94534,0
94536,0
94537,0
94540,0
94542,0
94543,0
94544,0
94545,0
94548,0
94553,0
94554,0
94555,0
94557,0
94558,0
94559,0
94560,0
94561,0
94562,0
94567,0
94568,0
94570,0
94571,0
94572,0
94573,0
94575,0
94576,0
94577,0
94579,0
94580,0
94582,0
94586,0
94589,0
94590,0
94591,0
94592,0
94595,0
94596,0
94597,0
94598,0
94599,0
94600,0
94602,0
94605,0
94611,0
94612,0
94614,0
94616,0
94620,0
94623,0
94626,0
94628,0
94630,0
94634,0
94635,0
94640,0
94646,0
94647,0
94649,0
94650,0
94651,0
94652,0
94654,0
94656,0
94657,0
94658,0
94659,0
94660,0
94668,0
94669,0
94671,0
94673,0
94675,0
94676,0
94677,0
94679,0
94682,0
94691,0
94693,0
94694,0
94695,0
94697,0
94700,0
94701,0
94703,0
94705,0
94706,0
94707,0
94709,0
94712,0
94713,0
94715,0
94718,0
94719,0
94721,0
94722,0
94724,0
94729,0
94732,0
94733,0
94734,0
94735,0
94736,0
94737,0
94738,0
94739,0
94743,0
94744,0
94746,0
94752,0
94753,0
94754,0
94758,0
94759,0
94761,0
94762,0
94768,0
94771,0
94774,0
94775,0
94777,0
94778,0
94779,0
94784,0
94785,0
94787,0
94789,0
94791,0
94793,0
94794,0
94796,0
94799,0
94801,0
94803,0
94804,0
94805,0
94808,0
94809,0
94813,0
94818,0
94819,0
94820,0
94821,0
94823,0
94825,0
94826,0
94827,0
94828,0
94830,0
94832,0
94839,0
94840,0
94844,0
94846,0
94847,0
94848,0
94854,0
94857,0
94861,0
94862,0
94863,0
94865,0
94866,0
94868,0
94872,0
94873,0
94875,0
94876,0
94878,0
94879,0
94880,0
94881,0
94882,0
94883,0
94884,0
94885,0
94886,0
94887,0
94888,0
94891,0
94894,0
94896,0
94898,0
94899,0
94900,0
94905,0
94908,0
94911,0
94916,0
94917,0
94919,0
94922,0
94923,0
94924,0
94925,0
94930,0
94931,0
94933,0
94935,0
94939,0
94941,0
94950,0
94951,0
94952,0
94954,0
94955,0
94956,0
94959,0
94961,0
94962,0
94963,0
94964,0
94966,0
94967,0
94968,0
94969,0
94970,0
94973,0
94978,0
94984,0
94985,0
94986,0
94990,0
94991,0
94992,0
94993,0
94995,0
94996,0
94999,0
95005,0
95007,0
95010,0
95011,0
95012,0
95014,0
95015,0
95018,0
95026,0
95027,0
95028,0
95030,0
95032,0
95033,0
95034,0
95035,0
95040,0
95042,0
95045,0
95050,0
95051,0
95052,0
95057,0
95061,0
95062,0
95070,0
95071,0
95072,0
95073,0
95074,0
95076,0
95077,0
95079,0
95084,0
95085,0
95087,0
95090,0
95091,0
95092,0
95098,0
95099,0
95102,0
95104,0
95105,0
95106,0
95108,0
95110,0
95113,0
95114,0
95115,0
95116,0
95117,0
95118,0
95120,0
95121,0
95122,0
95124,0
95126,0
95128,0
95129,0
95132,0
95133,0
95134,0
95135,0
95137,0
95139,0
95141,0
95143,0
95144,0
95145,0
95146,0
95148,0
95149,0
95150,0
95151,0
95152,0
95153,0
95154,0
95155,0
95157,0
95158,0
95159,0
95163,0
95168,0
95171,0
95174,0
95175,0
95176,0
95179,0
95184,0
95185,0
95186,0
95190,0
95191,0
95192,0
95193,0
95196,0
95197,0
95199,0
95203,0
95204,0
95209,0
95211,0
95212,0
95217,0
95221,0
95223,0
95228,0
95233,0
95235,0
95237,0
95238,0
95240,0
95244,0
95246,0
95247,0
95248,0
95250,0
95255,0
95257,0
95260,0
95261,0
95262,0
95263,0
95264,0
95266,0
95267,0
95268,0
95270,0
95271,0
95272,0
95274,0
95275,0
95277,0
95280,0
95282,0
95283,0
95284,0
95285,0
95286,0
95287,0
95288,0
95290,0
95292,0
95295,0
95297,0
95299,0
95305,0
95306,0
95308,0
95309,0
95311,0
95314,0
95315,0
95317,0
95318,0
95319,0
95321,0
95322,0
95323,0
95325,0
95327,0
95328,0
95329,0
95330,0
95331,0
95332,0
95335,0
95336,0
95337,0
95340,0
95344,0
95345,0
95347,0
95348,0
95349,0
95351,0
95355,0
95358,0
95363,0
95366,0
95368,0
95369,0
95370,0
95372,0
95373,0
95376,0
95379,0
95380,0
95382,0
95383,0
95384,0
95388,0
95390,0
95393,0
95394,0
95395,0
95396,0
95397,0
95398,0
95399,0
95400,0
95403,0
95405,0
95407,0
95409,0
95410,0
95412,0
95413,0
95414,0
95415,0
95416,0
95417,0
95421,0
95422,0
95424,0
95425,0
95428,0
95429,0
95430,0
95431,0
95432,0
95434,0
95436,0
95437,0
95439,0
95443,0
95445,0
95446,0
95448,0
95449,0
95450,0
95452,0
95455,0
95458,0
95459,0
95460,0
95463,0
95464,0
95465,0
95466,0
95470,0
95471,0
95473,0
95475,0
95477,0
95478,0
95479,0
95481,0
95485,0
95487,0
95494,0
95495,0
95496,0
95497,0
95499,0
95501,0
95505,0
95506,0
95507,0
95509,0
95520,0
95521,0
95523,0
95525,0
95526,0
95528,0
95529,0
95533,0
95535,0
95536,0
95539,0
95541,0
95544,0
95546,0
95547,0
95549,0
95551,0
95557,0
95558,0
95559,0
95560,0
95561,0
95565,0
95567,0
95569,0
95572,0
95573,0
95577,0
95579,0
95580,0
95582,0
95583,0
95584,0
95585,0
95593,0
95594,0
95595,0
95603,0
95605,0
95606,0
95608,0
95609,0
95610,0
95612,0
95614,0
95620,0
95622,0
95626,0
95627,0
95628,0
95629,0
95630,0
95632,0
95633,0
95634,0
95636,0
95640,0
95641,0
95642,0
95644,0
95645,0
95646,0
95647,0
95648,0
95649,0
95651,0
95653,0
95654,0
95655,0
95657,0
95659,0
95661,0
95662,0
95663,0
95665,0
95667,0
95668,0
95669,0
95671,0
95673,0
95674,0
95675,0
95676,0
95683,0
95684,0
95685,0
95688,0
95691,0
95694,0
95695,0
95698,0
95700,0
95701,0
95702,0
95704,0
95707,0
95708,0
95710,0
95711,0
95715,0
95717,0
95721,0
95722,0
95727,0
95728,0
95731,0
95732,0
95733,0
95734,0
95735,0
95736,0
95740,0
95743,0
95744,0
95748,0
95749,0
95750,0
95751,0
95755,0
95756,0
95761,0
95762,0
95763,0
95764,0
95765,0
95766,0
95767,0
95769,0
95771,0
95772,0
95774,0
95776,0
95778,0
95781,0
95783,0
95785,0
95786,0
95787,0
95790,0
95791,0
95792,0
95795,0
95796,0
95797,0
95800,0
95801,0
95802,0
95803,0
95804,0
95805,0
95807,0
95808,0
95810,0
95811,0
95813,0
95814,0
95816,0
95817,0
95818,0
95821,0
95822,0
95823,0
95824,0
95827,0
95830,0
95832,0
95835,0
95838,0
95839,0
95840,0
95841,0
95842,0
95843,0
95844,0
95845,0
95847,0
95848,0
95852,0
95853,0
95856,0
95857,0
95860,0
95861,0
95862,0
95864,0
95865,0
95866,0
95867,0
95870,0
95872,0
95873,0
95875,0
95882,0
95888,0
95890,0
95891,0
95892,0
95893,0
95894,0
95895,0
95901,0
95902,0
95903,0
95904,0
95907,0
95911,0
95913,0
95914,0
95920,0
95921,0
95927,0
95928,0
95931,0
95932,0
95933,0
95934,0
95936,0
95940,0
95943,0
95945,0
95947,0
95948,0
95951,0
95953,0
95959,0
95960,0
95965,0
95968,0
95973,0
95974,0
95978,0
95979,0
95981,0
95991,0
95993,0
95995,0
95997,0
95998,0
96002,0
96005,0
96014,0
96018,0
96020,0
96021,0
96024,0
96025,0
96029,0
96030,0
96033,0
96035,0
96037,0
96038,0
96042,0
96046,0
96051,0
96052,0
96055,0
96056,0
96057,0
96058,0
96059,0
96061,0
96062,0
96064,0
96065,0
96066,0
96067,0
96075,0
96076,0
96077,0
96078,0
96079,0
96080,0
96083,0
96084,0
96086,0
96087,0
96089,0
96090,0
96091,0
96094,0
96097,0
96098,0
96099,0
96102,0
96104,0
96105,0
96106,0
96110,0
96111,0
96112,0
96113,0
96114,0
96115,0
96117,0
96120,0
96121,0
96124,0
96125,0
96128,0
96129,0
96131,0
96132,0
96133,0
96135,0
96136,0
96137,0
96140,0
96141,0
96142,0
96147,0
96151,0
96152,0
96155,0
96156,0
96159,0
96161,0
96162,0
96164,0
96165,0
96167,0
96168,0
96176,0
96177,0
96178,0
96182,0
96183,0
96184,0
96190,0
96193,0
96194,0
96195,0
96196,0
96197,0
96200,0
96202,0
96203,0
96205,0
96210,0
96212,0
96213,0
96215,0
96216,0
96217,0
96219,0
96222,0
96228,0
96230,0
96235,0
96244,0
96245,0
96246,0
96248,0
96253,0
96254,0
96256,0
96257,0
96262,0
96263,0
96264,0
96267,0
96269,0
96272,0
96277,0
96279,0
96283,0
96284,0
96286,0
96289,0
96290,0
96292,0
96293,0
96299,0
96301,0
96302,0
96303,0
96304,0
96307,0
96308,0
96309,0
96311,0
96313,0
96319,0
96324,0
96327,0
96330,0
96331,0
96334,0
96336,0
96337,0
96339,0
96340,0
96341,0
96342,0
96343,0
96347,0
96351,0
96353,0
96355,0
96356,0
96357,0
96362,0
96364,0
96365,0
96369,0
96370,0
96374,0
96379,0
96381,0
96383,0
96384,0
96386,0
96389,0
96390,0
96392,0
96395,0
96402,0
96406,0
96407,0
96408,0
96411,0
96412,0
96413,0
96414,0
96416,0
96417,0
96420,0
96421,0
96422,0
96423,0
96425,0
96426,0
96427,0
96429,0
96430,0
96432,0
96433,0
96434,0
96436,0
96437,0
96440,0
96442,0
96444,0
96455,0
96456,0
96457,0
96458,0
96459,0
96460,0
96461,0
96463,0
96465,0
96466,0
96472,0
96473,0
96474,0
96476,0
96479,0
96486,0
96489,0
96490,0
96491,0
96492,0
96494,0
96496,0
96497,0
96498,0
96500,0
96501,0
96502,0
96503,0
96505,0
96507,0
96510,0
96512,0
96514,0
96515,0
96516,0
96517,0
96518,0
96519,0
96520,0
96521,0
96523,0
96524,0
96526,0
96528,0
96529,0
96532,0
96535,0
96536,0
96538,0
96539,0
96541,0
96542,0
96550,0
96552,0
96557,0
96559,0
96561,0
96562,0
96564,0
96565,0
96567,0
96569,0
96570,0
96573,0
96574,0
96579,0
96581,0
96583,0
96586,0
96587,0
96591,0
96592,0
96593,0
96595,0
96599,0
96600,0
96602,0
96603,0
96604,0
96605,0
96606,0
96607,0
96608,0
96610,0
96611,0
96612,0
96614,0
96616,0
96618,0
96619,0
96621,0
96623,0
96624,0
96626,0
96628,0
96629,0
96630,0
96631,0
96632,0
96633,0
96634,0
96635,0
96636,0
96639,0
96640,0
96641,0
96642,0
96643,0
96645,0
96646,0
96649,0
96650,0
96652,0
96653,0
96654,0
96655,0
96656,0
96660,0
96661,0
96662,0
96666,0
96667,0
96668,0
96669,0
96671,0
96672,0
96673,0
96675,0
96676,0
96677,0
96678,0
96679,0
96681,0
96684,0
96685,0
96691,0
96692,0
96693,0
96696,0
96697,0
96698,0
96699,0
96702,0
96703,0
96706,0
96709,0
96710,0
96711,0
96712,0
96717,0
96718,0
96719,0
96722,0
96723,0
96724,0
96726,0
96727,0
96730,0
96734,0
96736,0
96740,0
96741,0
96745,0
96748,0
96750,0
96751,0
96753,0
96754,0
96756,0
96757,0
96758,0
96759,0
96761,0
96762,0
96763,0
96765,0
96767,0
96769,0
96771,0
96772,0
96773,0
96774,0
96778,0
96780,0
96781,0
96783,0
96784,0
96785,0
96786,0
96787,0
96788,0
96790,0
96792,0
96795,0
96798,0
96801,0
96804,0
96807,0
96808,0
96810,0
96811,0
96812,0
96813,0
96815,0
96818,0
96819,0
96821,0
96824,0
96826,0
96827,0
96830,0
96834,0
96835,0
96838,0
96842,0
96845,0
96847,0
96848,0
96849,0
96850,0
96851,0
96852,0
96853,0
96857,0
96858,0
96859,0
96860,0
96861,0
96867,0
96868,0
96869,0
96871,0
96873,0
96876,0
96877,0
96878,0
96879,0
96882,0
96884,0
96885,0
96886,0
96887,0
96890,0
96893,0
96894,0
96896,0
96900,0
96901,0
96902,0
96903,0
96904,0
96906,0
96907,0
96911,0
96913,0
96916,0
96920,0
96921,0
96922,0
96925,0
96926,0
96927,0
96929,0
96931,0
96932,0
96933,0
96934,0
96936,0
96937,0
96939,0
96940,0
96942,0
96944,0
96946,0
96947,0
96950,0
96959,0
96961,0
96963,0
96966,0
96969,0
96971,0
96972,0
96973,0
96977,0
96978,0
96979,0
96980,0
96982,0
96983,0
96986,0
96987,0
96991,0
96992,0
96993,0
96996,0
96998,0
97000,0
97001,0
97003,0
97005,0
97006,0
97012,0
97017,0
97018,0
97024,0
97025,0
97028,0
97030,0
97032,0
97035,0
97037,0
97040,0
97041,0
97044,0
97045,0
97047,0
97050,0
97053,0
97054,0
97055,0
97056,0
97058,0
97059,0
97060,0
97061,0
97062,0
97064,0
97065,0
97066,0
97067,0
97069,0
97071,0
97072,0
97073,0
97075,0
97077,0
97078,0
97081,0
97082,0
97083,0
97085,0
97087,0
97091,0
97092,0
97094,0
97095,0
97098,0
97101,0
97102,0
97104,0
97105,0
97106,0
97108,0
97109,0
97112,0
97119,0
97120,0
97121,0
97123,0
97126,0
97127,0
97129,0
97133,0
97135,0
97136,0
97137,0
97138,0
97139,0
97141,0
97143,0
97144,0
97145,0
97149,0
97155,0
97156,0
97157,0
97158,0
97160,0
97161,0
97165,0
97166,0
97168,0
97169,0
97172,0
97176,0
97177,0
97178,0
97179,0
97181,0
97184,0
97185,0
97186,0
97187,0
97188,0
97190,0
97193,0
97194,0
97200,0
97201,0
97205,0
97207,0
97208,0
97209,0
97210,0
97211,0
97212,0
97216,0
97217,0
97220,0
97223,0
97228,0
97229,0
97234,0
97235,0
97236,0
97238,0
97240,0
97242,0
97244,0
97246,0
97249,0
97250,0
97253,0
97254,0
97255,0
97256,0
97258,0
97260,0
97268,0
97270,0
97272,0
97273,0
97274,0
97275,0
97276,0
97278,0
97279,0
97281,0
97282,0
97283,0
97285,0
97289,0
97290,0
97291,0
97292,0
97294,0
97298,0
97299,0
97302,0
97303,0
97304,0
97309,0
97311,0
97315,0
97316,0
97319,0
97322,0
97326,0
97327,0
97330,0
97333,0
97334,0
97335,0
97338,0
97339,0
97341,0
97342,0
97343,0
97344,0
97345,0
97346,0
97347,0
97349,0
97352,0
97353,0
97354,0
97355,0
97359,0
97362,0
97363,0
97364,0
97366,0
97367,0
97370,0
97372,0
97376,0
97379,0
97380,0
97383,0
97386,0
97387,0
97388,0
97389,0
97391,0
97393,0
97395,0
97397,0
97398,0
97399,0
97407,0
97408,0
97411,0
97415,0
97416,0
97418,0
97419,0
97420,0
97421,0
97423,0
97424,0
97428,0
97429,0
97431,0
97432,0
97434,0
97437,0
97440,0
97444,0
97445,0
97446,0
97450,0
97452,0
97454,0
97455,0
97456,0
97458,0
97459,0
97460,0
97461,0
97462,0
97463,0
97464,0
97466,0
97467,0
97470,0
97477,0
97480,0
97482,0
97484,0
97486,0
97487,0
97488,0
97491,0
97504,0
97506,0
97507,0
97509,0
97511,0
97512,0
97513,0
97519,0
97521,0
97523,0
97525,0
97527,0
97528,0
97531,0
97534,0
97536,0
97538,0
97539,0
97544,0
97545,0
97548,0
97549,0
97550,0
97554,0
97556,0
97558,0
97560,0
97563,0
97565,0
97569,0
97572,0
97574,0
97575,0
97578,0
97580,0
97583,0
97584,0
97585,0
97587,0
97589,0
97591,0
97594,0
97598,0
97599,0
97600,0
97601,0
97603,0
97609,0
97610,0
97611,0
97612,0
97613,0
97615,0
97616,0
97618,0
97620,0
97621,0
97625,0
97626,0
97627,0
97629,0
97632,0
97635,0
97637,0
97639,0
97640,0
97641,0
97642,0
97643,0
97644,0
97645,0
97646,0
97649,0
97650,0
97653,0
97654,0
97656,0
97657,0
97658,0
97661,0
97663,0
97665,0
97669,0
97673,0
97675,0
97676,0
97678,0
97680,0
97682,0
97688,0
97691,0
97693,0
97694,0
97696,0
97698,0
97700,0
97705,0
97706,0
97707,0
97710,0
97711,0
97712,0
97713,0
97714,0
97717,0
97718,0
97719,0
97720,0
97721,0
97722,0
97723,0
97724,0
97729,0
97730,0
97731,0
97732,0
97735,0
97736,0
97738,0
97739,0
97740,0
97741,0
97742,0
97743,0
97745,0
97746,0
97747,0
97748,0
97749,0
97750,0
97753,0
97754,0
97756,0
97762,0
97764,0
97765,0
97766,0
97767,0
97768,0
97769,0
97770,0
97771,0
97772,0
97773,0
97775,0
97778,0
97780,0
97781,0
97782,0
97783,0
97786,0
97788,0
97791,0
97792,0
97797,0
97799,0
97800,0
97801,0
97802,0
97803,0
97804,0
97805,0
97807,0
97812,0
97813,0
97814,0
97815,0
97817,0
97818,0
97819,0
97821,0
97822,0
97824,0
97825,0
97826,0
97827,0
97828,0
97830,0
97831,0
97833,0
97835,0
97836,0
97837,0
97838,0
97842,0
97843,0
97845,0
97849,0
97850,0
97851,0
97854,0
97855,0
97856,0
97857,0
97858,0
97860,0
97861,0
97862,0
97863,0
97865,0
97866,0
97868,0
97871,0
97872,0
97876,0
97877,0
97888,0
97891,0
97892,0
97893,0
97894,0
97896,0
97897,0
97898,0
97900,0
97901,0
97902,0
97903,0
97904,0
97906,0
97907,0
97910,0
97911,0
97912,0
97913,0
97914,0
97917,0
97918,0
97921,0
97923,0
97924,0
97926,0
97929,0
97930,0
97932,0
97938,0
97939,0
97941,0
97943,0
97949,0
97950,0
97953,0
97954,0
97956,0
97957,0
97960,0
97961,0
97964,0
97968,0
97971,0
97972,0
97973,0
97974,0
97976,0
97978,0
97979,0
97980,0
97981,0
97982,0
97983,0
97985,0
97989,0
97990,0
97993,0
98002,0
98004,0
98009,0
98010,0
98017,0
98019,0
98020,0
98024,0
98026,0
98027,0
98028,0
98031,0
98040,0
98043,0
98047,0
98050,0
98053,0
98054,0
98058,0
98061,0
98063,0
98065,0
98066,0
98069,0
98070,0
98071,0
98073,0
98074,0
98075,0
98077,0
98079,0
98080,0
98082,0
98083,0
98084,0
98087,0
98090,0
98091,0
98092,0
98093,0
98094,0
98097,0
98099,0
98103,0
98106,0
98107,0
98108,0
98110,0
98111,0
98112,0
98114,0
98115,0
98116,0
98117,0
98118,0
98119,0
98120,0
98121,0
98122,0
98124,0
98125,0
98126,0
98127,0
98129,0
98130,0
98134,0
98135,0
98137,0
98138,0
98141,0
98142,0
98143,0
98144,0
98146,0
98148,0
98149,0
98151,0
98154,0
98155,0
98156,0
98157,0
98158,0
98160,0
98165,0
98166,0
98167,0
98168,0
98170,0
98173,0
98176,0
98181,0
98185,0
98189,0
98194,0
98198,0
98199,0
98201,0
98203,0
98205,0
98206,0
98207,0
98208,0
98209,0
98211,0
98213,0
98214,0
98215,0
98216,0
98218,0
98219,0
98220,0
98224,0
98225,0
98226,0
98229,0
98230,0
98231,0
98233,0
98234,0
98235,0
98239,0
98243,0
98244,0
98245,0
98246,0
98252,0
98253,0
98255,0
98256,0
98257,0
98258,0
98259,0
98260,0
98262,0
98265,0
98268,0
98271,0
98272,0
98277,0
98278,0
98283,0
98285,0
98286,0
98289,0
98290,0
98291,0
98292,0
98295,0
98298,0
98300,0
98302,0
98303,0
98304,0
98308,0
98310,0
98311,0
98313,0
98315,0
98317,0
98323,0
98325,0
98328,0
98330,0
98334,0
98335,0
98336,0
98339,0
98343,0
98346,0
98348,0
98350,0
98353,0
98354,0
98355,0
98356,0
98357,0
98361,0
98362,0
98365,0
98367,0
98368,0
98370,0
98371,0
98373,0
98374,0
98377,0
98380,0
98382,0
98384,0
98385,0
98386,0
98387,0
98390,0
98391,0
98392,0
98393,0
98396,0
98397,0
98404,0
98405,0
98406,0
98407,0
98411,0
98412,0
98413,0
98416,0
98418,0
98419,0
98420,0
98422,0
98424,0
98425,0
98426,0
98427,0
98430,0
98432,0
98433,0
98435,0
98436,0
98439,0
98440,0
98441,0
98445,0
98449,0
98454,0
98455,0
98456,0
98459,0
98461,0
98463,0
98466,0
98467,0
98468,0
98469,0
98474,0
98475,0
98477,0
98478,0
98481,0
98484,0
98485,0
98486,0
98487,0
98488,0
98489,0
98490,0
98491,0
98492,0
98494,0
98495,0
98498,0
98500,0
98502,0
98503,0
98505,0
98507,0
98508,0
98509,0
98510,0
98516,0
98519,0
98520,0
98522,0
98527,0
98529,0
98531,0
98533,0
98534,0
98535,0
98537,0
98539,0
98543,0
98544,0
98545,0
98548,0
98549,0
98556,0
98558,0
98559,0
98560,0
98561,0
98562,0
98566,0
98567,0
98570,0
98571,0
98572,0
98574,0
98576,0
98577,0
98578,0
98580,0
98585,0
98588,0
98589,0
98590,0
98591,0
98592,0
98594,0
98598,0
98599,0
98604,0
98606,0
98611,0
98613,0
98614,0
98619,0
98620,0
98621,0
98622,0
98624,0
98625,0
98631,0
98632,0
98633,0
98635,0
98636,0
98638,0
98639,0
98640,0
98645,0
98647,0
98648,0
98649,0
98651,0
98662,0
98663,0
98665,0
98667,0
98668,0
98669,0
98671,0
98672,0
98673,0
98674,0
98676,0
98678,0
98679,0
98680,0
98681,0
98682,0
98684,0
98685,0
98686,0
98687,0
98692,0
98695,0
98697,0
98701,0
98702,0
98705,0
98707,0
98710,0
98714,0
98716,0
98719,0
98720,0
98722,0
98724,0
98725,0
98729,0
98730,0
98731,0
98732,0
98736,0
98737,0
98739,0
98740,0
98741,0
98742,0
98745,0
98747,0
98748,0
98750,0
98751,0
98752,0
98756,0
98757,0
98759,0
98760,0
98764,0
98765,0
98766,0
98767,0
98768,0
98773,0
98774,0
98776,0
98781,0
98782,0
98784,0
98785,0
98786,0
98787,0
98790,0
98791,0
98792,0
98793,0
98794,0
98795,0
98800,0
98801,0
98802,0
98806,0
98807,0
98812,0
98813,0
98815,0
98816,0
98818,0
98819,0
98821,0
98824,0
98825,0
98826,0
98830,0
98832,0
98833,0
98836,0
98838,0
98840,0
98841,0
98848,0
98852,0
98854,0
98855,0
98856,0
98857,0
98858,0
98859,0
98862,0
98870,0
98871,0
98873,0
98874,0
98877,0
98878,0
98879,0
98880,0
98882,0
98884,0
98885,0
98887,0
98888,0
98889,0
98890,0
98891,0
98892,0
98896,0
98898,0
98899,0
98903,0
98907,0
98908,0
98911,0
98912,0
98913,0
98916,0
98917,0
98918,0
98919,0
98920,0
98921,0
98922,0
98926,0
98929,0
98930,0
98932,0
98934,0
98935,0
98937,0
98942,0
98943,0
98948,0
98949,0
98953,0
98955,0
98956,0
98957,0
98962,0
98963,0
98964,0
98965,0
98966,0
98970,0
98971,0
98972,0
98973,0
98974,0
98976,0
98977,0
98978,0
98979,0
98985,0
98987,0
98990,0
98993,0
98996,0
98997,0
98999,0
99001,0
99002,0
99003,0
99004,0
99009,0
99010,0
99011,0
99014,0
99018,0
99021,0
99022,0
99024,0
99026,0
99028,0
99030,0
99032,0
99033,0
99034,0
99036,0
99037,0
99039,0
99040,0
99042,0
99043,0
99050,0
99051,0
99055,0
99057,0
99058,0
99060,0
99061,0
99062,0
99063,0
99065,0
99066,0
99070,0
99071,0
99074,0
99080,0
99081,0
99082,0
99083,0
99084,0
99085,0
99087,0
99089,0
99090,0
99093,0
99098,0
99102,0
99105,0
99107,0
99109,0
99110,0
99111,0
99113,0
99120,0
99122,0
99123,0
99124,0
99128,0
99129,0
99135,0
99136,0
99137,0
99139,0
99140,0
99142,0
99145,0
99146,0
99147,0
99149,0
99153,0
99156,0
99165,0
99168,0
99169,0
99170,0
99174,0
99178,0
99180,0
99182,0
99184,0
99185,0
99186,0
99187,0
99188,0
99191,0
99194,0
99196,0
99197,0
99198,0
99200,0
99201,0
99203,0
99204,0
99213,0
99217,0
99218,0
99223,0
99228,0
99230,0
99232,0
99234,0
99235,0
99236,0
99240,0
99245,0
99246,0
99248,0
99251,0
99252,0
99254,0
99255,0
99256,0
99257,0
99259,0
99260,0
99261,0
99263,0
99264,0
99265,0
99267,0
99268,0
99270,0
99272,0
99274,0
99275,0
99278,0
99282,0
99288,0
99289,0
99291,0
99292,0
99294,0
99295,0
99296,0
99299,0
99303,0
99304,0
99305,0
99308,0
99309,0
99310,0
99311,0
99312,0
99316,0
99317,0
99318,0
99320,0
99322,0
99326,0
99327,0
99329,0
99332,0
99333,0
99334,0
99336,0
99337,0
99339,0
99341,0
99342,0
99344,0
99348,0
99350,0
99352,0
99353,0
99354,0
99356,0
99357,0
99358,0
99359,0
99362,0
99364,0
99365,0
99369,0
99370,0
99372,0
99374,0
99376,0
99383,0
99384,0
99386,0
99388,0
99389,0
99392,0
99394,0
99395,0
99397,0
99399,0
99400,0
99401,0
99404,0
99406,0
99408,0
99409,0
99422,0
99423,0
99424,0
99426,0
99427,0
99428,0
99429,0
99431,0
99432,0
99433,0
99439,0
99443,0
99444,0
99445,0
99446,0
99448,0
99449,0
99450,0
99451,0
99452,0
99456,0
99458,0
99461,0
99462,0
99464,0
99465,0
99469,0
99471,0
99476,0
99480,0
99484,0
99485,0
99486,0
99488,0
99491,0
99492,0
99494,0
99496,0
99497,0
99498,0
99501,0
99504,0
99505,0
99506,0
99508,0
99509,0
99511,0
99513,0
99516,0
99519,0
99520,0
99522,0
99523,0
99524,0
99526,0
99528,0
99529,0
99534,0
99535,0
99536,0
99538,0
99540,0
99543,0
99545,0
99549,0
99552,0
99553,0
99555,0
99562,0
99564,0
99565,0
99566,0
99567,0
99569,0
99570,0
99575,0
99576,0
99577,0
99579,0
99581,0
99583,0
99586,0
99587,0
99589,0
99590,0
99591,0
99592,0
99593,0
99594,0
99595,0
99598,0
99601,0
99602,0
99604,0
99605,0
99606,0
99607,0
99609,0
99610,0
99611,0
99612,0
99613,0
99615,0
99617,0
99619,0
99623,0
99624,0
99628,0
99629,0
99632,0
99634,0
99637,0
99639,0
99640,0
99642,0
99644,0
99645,0
99647,0
99649,0
99650,0
99652,0
99654,0
99656,0
99657,0
99658,0
99661,0
99662,0
99663,0
99666,0
99667,0
99668,0
99670,0
99672,0
99674,0
99675,0
99677,0
99680,0
99682,0
99684,0
99685,0
99688,0
99690,0
99691,0
99692,0
99694,0
99696,0
99702,0
99703,0
99704,0
99705,0
99707,0
99708,0
99713,0
99714,0
99716,0
99717,0
99721,0
99723,0
99724,0
99725,0
99726,0
99727,0
99731,0
99732,0
99733,0
99735,0
99738,0
99739,0
99742,0
99744,0
99747,0
99752,0
99753,0
99759,0
99761,0
99762,0
99763,0
99768,0
99772,0
99774,0
99777,0
99780,0
99783,0
99784,0
99788,0
99789,0
99792,0
99795,0
99796,0
99797,0
99798,0
99799,0
99801,0
99805,0
99806,0
99808,0
99810,0
99812,0
99813,0
99815,0
99818,0
99819,0
99820,0
99822,0
99824,0
99827,0
99832,0
99834,0
99835,0
99836,0
99837,0
99841,0
99843,0
99845,0
99846,0
99849,0
99851,0
99853,0
99855,0
99856,0
99857,0
99860,0
99861,0
99862,0
99863,0
99865,0
99866,0
99867,0
99869,0
99872,0
99873,0
99875,0
99876,0
99877,0
99878,0
99880,0
99881,0
99882,0
99883,0
99885,0
99889,0
99890,0
99891,0
99892,0
99893,0
99895,0
99896,0
99899,0
99900,0
99902,0
99903,0
99904,0
99906,0
99909,0
99911,0
99913,0
99915,0
99917,0
99918,0
99920,0
99921,0
99927,0
99928,0
99929,0
99930,0
99933,0
99934,0
99936,0
99937,0
99939,0
99940,0
99941,0
99942,0
99943,0
99944,0
99947,0
99948,0
99951,0
99953,0
99955,0
99956,0
99959,0
99960,0
99965,0
99968,0
99969,0
99970,0
99971,0
99973,0
99975,0
99980,0
99983,0
99985,0
99986,0
99989,0
99990,0
99991,0
99992,0
99993,0
99994,0
99995,0
99996,0
100001,0
100004,0
100005,0
100011,0
100012,0
100013,0
100018,0
100021,0
100023,0
100024,0
